website_pageview_id,created_at,website_session_id,pageview_url
1,"2012-03-19 08:04:16",1,/home
2,"2012-03-19 08:16:49",2,/home
3,"2012-03-19 08:26:55",3,/home
4,"2012-03-19 08:37:33",4,/home
5,"2012-03-19 09:00:55",5,/home
6,"2012-03-19 09:05:46",6,/home
7,"2012-03-19 09:06:27",7,/home
8,"2012-03-19 09:10:08",6,/products
9,"2012-03-19 09:10:52",6,/the-original-mr-fuzzy
10,"2012-03-19 09:14:02",6,/cart
11,"2012-03-19 09:16:52",6,/shipping
12,"2012-03-19 09:17:17",8,/home
13,"2012-03-19 09:19:52",6,/billing
14,"2012-03-19 09:27:56",9,/home
15,"2012-03-19 09:35:37",10,/home
16,"2012-03-19 09:37:42",11,/home
17,"2012-03-19 09:39:57",12,/home
18,"2012-03-19 09:45:29",13,/home
19,"2012-03-19 09:45:47",14,/home
20,"2012-03-19 09:57:14",15,/home
21,"2012-03-19 10:01:35",16,/home
22,"2012-03-19 10:01:46",15,/products
23,"2012-03-19 10:05:34",15,/the-original-mr-fuzzy
24,"2012-03-19 10:07:07",16,/products
25,"2012-03-19 10:14:34",17,/home
26,"2012-03-19 10:16:57",18,/home
27,"2012-03-19 10:17:38",19,/home
28,"2012-03-19 10:18:58",18,/products
29,"2012-03-19 10:22:17",18,/the-original-mr-fuzzy
30,"2012-03-19 10:22:58",20,/home
31,"2012-03-19 10:23:23",18,/cart
32,"2012-03-19 10:28:09",20,/products
33,"2012-03-19 10:28:37",20,/the-original-mr-fuzzy
34,"2012-03-19 10:31:29",20,/cart
35,"2012-03-19 10:34:43",20,/shipping
36,"2012-03-19 10:36:31",20,/billing
37,"2012-03-19 10:42:46",20,/thank-you-for-your-order
38,"2012-03-19 10:51:38",21,/home
39,"2012-03-19 10:54:55",22,/home
40,"2012-03-19 10:59:03",23,/home
41,"2012-03-19 11:08:58",24,/home
42,"2012-03-19 11:16:42",25,/home
43,"2012-03-19 11:20:14",26,/home
44,"2012-03-19 11:22:58",27,/home
45,"2012-03-19 11:24:59",28,/home
46,"2012-03-19 11:28:43",27,/products
47,"2012-03-19 11:33:47",29,/home
48,"2012-03-19 11:43:21",30,/home
49,"2012-03-19 11:46:37",31,/home
50,"2012-03-19 11:47:49",30,/products
51,"2012-03-19 11:53:24",32,/home
52,"2012-03-19 11:58:52",33,/home
53,"2012-03-19 11:59:59",33,/products
54,"2012-03-19 12:01:00",33,/the-original-mr-fuzzy
55,"2012-03-19 12:01:28",34,/home
56,"2012-03-19 12:02:18",35,/home
57,"2012-03-19 12:03:01",34,/products
58,"2012-03-19 12:06:27",34,/the-original-mr-fuzzy
59,"2012-03-19 12:07:36",36,/home
60,"2012-03-19 12:09:24",37,/home
61,"2012-03-19 12:23:11",38,/home
62,"2012-03-19 12:35:54",39,/home
63,"2012-03-19 12:39:06",39,/products
64,"2012-03-19 12:39:43",39,/the-original-mr-fuzzy
65,"2012-03-19 12:45:10",40,/home
66,"2012-03-19 12:49:41",40,/products
67,"2012-03-19 12:51:04",40,/the-original-mr-fuzzy
68,"2012-03-19 12:55:38",41,/home
69,"2012-03-19 12:55:57",42,/home
70,"2012-03-19 12:56:57",41,/products
71,"2012-03-19 12:57:22",41,/the-original-mr-fuzzy
72,"2012-03-19 12:57:35",43,/home
73,"2012-03-19 12:59:12",42,/products
74,"2012-03-19 13:01:15",42,/the-original-mr-fuzzy
75,"2012-03-19 13:10:20",44,/home
76,"2012-03-19 13:11:43",45,/home
77,"2012-03-19 13:14:49",46,/home
78,"2012-03-19 13:17:36",46,/products
79,"2012-03-19 13:19:35",47,/home
80,"2012-03-19 13:21:56",46,/the-original-mr-fuzzy
81,"2012-03-19 13:25:17",46,/cart
82,"2012-03-19 13:25:51",48,/home
83,"2012-03-19 13:28:21",48,/products
84,"2012-03-19 13:29:52",49,/home
85,"2012-03-19 13:30:31",50,/home
86,"2012-03-19 13:34:27",49,/products
87,"2012-03-19 13:36:27",49,/the-original-mr-fuzzy
88,"2012-03-19 13:36:54",49,/cart
89,"2012-03-19 13:37:56",51,/home
90,"2012-03-19 13:39:26",52,/home
91,"2012-03-19 13:40:38",49,/shipping
92,"2012-03-19 13:41:46",52,/products
93,"2012-03-19 13:42:58",52,/the-original-mr-fuzzy
94,"2012-03-19 13:43:13",49,/billing
95,"2012-03-19 14:01:42",53,/home
96,"2012-03-19 14:12:09",54,/home
97,"2012-03-19 14:14:07",54,/products
98,"2012-03-19 14:15:08",55,/home
99,"2012-03-19 14:18:16",54,/the-original-mr-fuzzy
100,"2012-03-19 14:20:38",56,/home
101,"2012-03-19 14:23:51",57,/home
102,"2012-03-19 14:42:54",58,/home
103,"2012-03-19 14:48:35",58,/products
104,"2012-03-19 14:51:15",59,/home
105,"2012-03-19 14:52:13",58,/the-original-mr-fuzzy
106,"2012-03-19 14:54:57",58,/cart
107,"2012-03-19 14:56:28",58,/shipping
108,"2012-03-19 14:58:46",60,/home
109,"2012-03-19 15:01:00",61,/home
110,"2012-03-19 15:03:11",62,/home
111,"2012-03-19 15:03:57",63,/home
112,"2012-03-19 15:04:18",62,/products
113,"2012-03-19 15:05:50",64,/home
114,"2012-03-19 15:06:10",63,/products
115,"2012-03-19 15:09:02",64,/products
116,"2012-03-19 15:13:54",65,/home
117,"2012-03-19 15:20:18",66,/home
118,"2012-03-19 15:29:46",67,/home
119,"2012-03-19 15:33:50",68,/home
120,"2012-03-19 15:56:47",69,/home
121,"2012-03-19 16:03:21",70,/home
122,"2012-03-19 16:03:55",71,/home
123,"2012-03-19 16:20:19",72,/home
124,"2012-03-19 16:32:16",73,/home
125,"2012-03-19 16:37:11",73,/products
126,"2012-03-19 16:38:15",73,/the-original-mr-fuzzy
127,"2012-03-19 16:38:30",74,/home
128,"2012-03-19 16:39:59",75,/home
129,"2012-03-19 16:47:52",76,/home
130,"2012-03-19 16:51:35",76,/products
131,"2012-03-19 16:54:36",76,/the-original-mr-fuzzy
132,"2012-03-19 16:55:37",77,/home
133,"2012-03-19 16:56:43",78,/home
134,"2012-03-19 16:59:12",79,/home
135,"2012-03-19 17:02:42",80,/home
136,"2012-03-19 17:04:42",79,/products
137,"2012-03-19 17:05:02",81,/home
138,"2012-03-19 17:06:31",82,/home
139,"2012-03-19 17:08:45",83,/home
140,"2012-03-19 17:09:01",81,/products
141,"2012-03-19 17:11:50",81,/the-original-mr-fuzzy
142,"2012-03-19 17:20:04",84,/home
143,"2012-03-19 17:23:41",85,/home
144,"2012-03-19 17:39:03",86,/home
145,"2012-03-19 17:43:37",87,/home
146,"2012-03-19 17:48:18",87,/products
147,"2012-03-19 17:48:41",87,/the-original-mr-fuzzy
148,"2012-03-19 17:49:08",88,/home
149,"2012-03-19 17:56:53",89,/home
150,"2012-03-19 17:58:38",90,/home
151,"2012-03-19 18:04:10",90,/products
152,"2012-03-19 18:06:13",90,/the-original-mr-fuzzy
153,"2012-03-19 18:06:16",91,/home
154,"2012-03-19 18:07:02",92,/home
155,"2012-03-19 18:07:07",90,/cart
156,"2012-03-19 18:08:27",93,/home
157,"2012-03-19 18:09:58",94,/home
158,"2012-03-19 18:10:16",90,/shipping
159,"2012-03-19 18:11:37",90,/billing
160,"2012-03-19 18:11:39",95,/home
161,"2012-03-19 18:20:34",96,/home
162,"2012-03-19 18:29:05",97,/home
163,"2012-03-19 18:31:53",98,/home
164,"2012-03-19 18:34:16",97,/products
165,"2012-03-19 18:38:40",97,/the-original-mr-fuzzy
166,"2012-03-19 18:40:42",99,/home
167,"2012-03-19 18:41:53",97,/cart
168,"2012-03-19 18:53:45",100,/home
169,"2012-03-19 18:55:24",100,/products
170,"2012-03-19 18:57:46",100,/the-original-mr-fuzzy
171,"2012-03-19 18:59:38",101,/home
172,"2012-03-19 18:59:45",100,/cart
173,"2012-03-19 19:01:33",102,/home
174,"2012-03-19 19:03:19",101,/products
175,"2012-03-19 19:03:30",100,/shipping
176,"2012-03-19 19:05:03",100,/billing
177,"2012-03-19 19:11:54",103,/home
178,"2012-03-19 19:14:04",104,/home
179,"2012-03-19 19:15:13",104,/products
180,"2012-03-19 19:17:59",104,/the-original-mr-fuzzy
181,"2012-03-19 19:21:31",104,/cart
182,"2012-03-19 19:23:19",104,/shipping
183,"2012-03-19 19:23:47",104,/billing
184,"2012-03-19 19:27:37",104,/thank-you-for-your-order
185,"2012-03-19 19:28:17",105,/home
186,"2012-03-19 19:30:25",106,/home
187,"2012-03-19 19:34:54",107,/home
188,"2012-03-19 19:37:11",108,/home
189,"2012-03-19 19:39:36",109,/home
190,"2012-03-19 19:40:41",107,/products
191,"2012-03-19 19:41:16",108,/products
192,"2012-03-19 19:42:47",107,/the-original-mr-fuzzy
193,"2012-03-19 19:43:13",108,/the-original-mr-fuzzy
194,"2012-03-19 19:44:09",109,/products
195,"2012-03-19 19:46:47",107,/cart
196,"2012-03-19 19:47:20",109,/the-original-mr-fuzzy
197,"2012-03-19 19:48:14",110,/home
198,"2012-03-19 20:02:14",111,/home
199,"2012-03-19 20:08:20",112,/home
200,"2012-03-19 20:10:52",113,/home
201,"2012-03-19 20:23:35",114,/home
202,"2012-03-19 20:25:21",115,/home
203,"2012-03-19 20:28:31",115,/products
204,"2012-03-19 20:29:32",115,/the-original-mr-fuzzy
205,"2012-03-19 20:29:39",116,/home
206,"2012-03-19 20:31:11",115,/cart
207,"2012-03-19 20:32:09",115,/shipping
208,"2012-03-19 20:35:19",115,/billing
209,"2012-03-19 20:58:37",117,/home
210,"2012-03-19 21:01:15",118,/home
211,"2012-03-19 21:02:57",118,/products
212,"2012-03-19 21:07:04",118,/the-original-mr-fuzzy
213,"2012-03-19 21:22:09",119,/home
214,"2012-03-19 21:30:49",120,/home
215,"2012-03-19 21:32:08",121,/home
216,"2012-03-19 21:32:33",121,/products
217,"2012-03-19 21:41:17",122,/home
218,"2012-03-19 22:00:05",123,/home
219,"2012-03-19 22:09:49",124,/home
220,"2012-03-19 22:18:00",125,/home
221,"2012-03-19 22:19:11",126,/home
222,"2012-03-19 22:19:34",125,/products
223,"2012-03-19 22:22:24",127,/home
224,"2012-03-19 22:23:33",125,/the-original-mr-fuzzy
225,"2012-03-19 22:23:46",126,/products
226,"2012-03-19 22:24:02",128,/home
227,"2012-03-19 22:26:25",128,/products
228,"2012-03-19 22:26:43",126,/the-original-mr-fuzzy
229,"2012-03-19 22:28:57",128,/the-original-mr-fuzzy
230,"2012-03-19 22:29:54",126,/cart
231,"2012-03-19 22:31:05",129,/home
232,"2012-03-19 22:31:36",130,/home
233,"2012-03-19 23:28:33",131,/home
234,"2012-03-19 23:30:25",131,/products
235,"2012-03-19 23:33:57",131,/the-original-mr-fuzzy
236,"2012-03-19 23:41:36",132,/home
237,"2012-03-19 23:44:23",133,/home
238,"2012-03-19 23:45:14",134,/home
239,"2012-03-19 23:47:22",132,/products
240,"2012-03-19 23:48:22",132,/the-original-mr-fuzzy
241,"2012-03-19 23:50:07",133,/products
242,"2012-03-19 23:52:18",135,/home
243,"2012-03-19 23:54:44",136,/home
244,"2012-03-19 23:55:20",137,/home
245,"2012-03-20 00:22:20",138,/home
246,"2012-03-20 01:12:11",139,/home
247,"2012-03-20 01:28:23",140,/home
248,"2012-03-20 01:32:34",141,/home
249,"2012-03-20 01:35:47",142,/home
250,"2012-03-20 02:12:02",143,/home
251,"2012-03-20 02:40:42",144,/home
252,"2012-03-20 03:30:54",145,/home
253,"2012-03-20 05:35:30",146,/home
254,"2012-03-20 06:21:56",147,/home
255,"2012-03-20 06:26:08",147,/products
256,"2012-03-20 06:29:09",147,/the-original-mr-fuzzy
257,"2012-03-20 06:32:22",147,/cart
258,"2012-03-20 06:35:05",147,/shipping
259,"2012-03-20 06:37:30",147,/billing
260,"2012-03-20 06:44:45",147,/thank-you-for-your-order
261,"2012-03-20 07:18:18",148,/home
262,"2012-03-20 07:42:52",149,/home
263,"2012-03-20 08:09:54",150,/home
264,"2012-03-20 08:19:02",151,/home
265,"2012-03-20 08:19:22",152,/home
266,"2012-03-20 08:20:33",152,/products
267,"2012-03-20 08:23:30",152,/the-original-mr-fuzzy
268,"2012-03-20 08:26:01",152,/cart
269,"2012-03-20 08:28:03",153,/home
270,"2012-03-20 08:29:04",153,/products
271,"2012-03-20 08:29:11",152,/shipping
272,"2012-03-20 08:30:10",154,/home
273,"2012-03-20 08:31:26",152,/billing
274,"2012-03-20 08:31:53",154,/products
275,"2012-03-20 08:32:56",154,/the-original-mr-fuzzy
276,"2012-03-20 08:38:28",155,/home
277,"2012-03-20 08:59:58",156,/home
278,"2012-03-20 09:00:16",157,/home
279,"2012-03-20 09:01:19",156,/products
280,"2012-03-20 09:01:54",156,/the-original-mr-fuzzy
281,"2012-03-20 09:02:11",158,/home
282,"2012-03-20 09:09:26",159,/home
283,"2012-03-20 09:14:21",159,/products
284,"2012-03-20 09:23:55",160,/home
285,"2012-03-20 09:29:32",160,/products
286,"2012-03-20 09:30:07",161,/home
287,"2012-03-20 09:33:30",160,/the-original-mr-fuzzy
288,"2012-03-20 09:35:58",160,/cart
289,"2012-03-20 09:39:45",160,/shipping
290,"2012-03-20 09:40:31",160,/billing
291,"2012-03-20 09:40:56",162,/home
292,"2012-03-20 09:41:45",160,/thank-you-for-your-order
293,"2012-03-20 09:43:31",162,/products
294,"2012-03-20 10:09:03",163,/home
295,"2012-03-20 10:12:30",164,/home
296,"2012-03-20 10:13:45",163,/products
297,"2012-03-20 10:16:01",165,/home
298,"2012-03-20 10:20:19",165,/products
299,"2012-03-20 10:22:17",166,/home
300,"2012-03-20 10:24:50",165,/the-original-mr-fuzzy
301,"2012-03-20 10:25:32",165,/cart
302,"2012-03-20 10:26:00",167,/home
303,"2012-03-20 10:27:25",165,/shipping
304,"2012-03-20 10:29:58",165,/billing
305,"2012-03-20 10:34:01",168,/home
306,"2012-03-20 10:37:57",169,/home
307,"2012-03-20 10:38:31",169,/products
308,"2012-03-20 10:40:10",169,/the-original-mr-fuzzy
309,"2012-03-20 10:41:41",170,/home
310,"2012-03-20 10:44:23",171,/home
311,"2012-03-20 10:48:35",171,/products
312,"2012-03-20 10:48:42",172,/home
313,"2012-03-20 10:51:50",171,/the-original-mr-fuzzy
314,"2012-03-20 10:51:54",172,/products
315,"2012-03-20 10:53:28",173,/home
316,"2012-03-20 10:57:44",173,/products
317,"2012-03-20 10:59:23",174,/home
318,"2012-03-20 10:59:56",173,/the-original-mr-fuzzy
319,"2012-03-20 11:02:56",173,/cart
320,"2012-03-20 11:03:02",174,/products
321,"2012-03-20 11:04:14",173,/shipping
322,"2012-03-20 11:12:46",175,/home
323,"2012-03-20 11:15:05",176,/home
324,"2012-03-20 11:15:15",177,/home
325,"2012-03-20 11:17:18",177,/products
326,"2012-03-20 11:18:18",177,/the-original-mr-fuzzy
327,"2012-03-20 11:19:51",177,/cart
328,"2012-03-20 11:20:23",177,/shipping
329,"2012-03-20 11:21:48",177,/billing
330,"2012-03-20 11:28:15",177,/thank-you-for-your-order
331,"2012-03-20 11:29:00",178,/home
332,"2012-03-20 11:31:03",179,/home
333,"2012-03-20 11:33:28",179,/products
334,"2012-03-20 11:35:18",180,/home
335,"2012-03-20 11:36:03",179,/the-original-mr-fuzzy
336,"2012-03-20 11:37:53",181,/home
337,"2012-03-20 11:54:25",182,/home
338,"2012-03-20 11:55:12",183,/home
339,"2012-03-20 12:00:45",184,/home
340,"2012-03-20 12:01:21",184,/products
341,"2012-03-20 12:02:11",184,/the-original-mr-fuzzy
342,"2012-03-20 12:04:08",184,/cart
343,"2012-03-20 12:04:21",185,/home
344,"2012-03-20 12:06:08",184,/shipping
345,"2012-03-20 12:06:58",186,/home
346,"2012-03-20 12:08:07",184,/billing
347,"2012-03-20 12:09:05",187,/home
348,"2012-03-20 12:09:14",188,/home
349,"2012-03-20 12:17:45",189,/home
350,"2012-03-20 12:20:06",189,/products
351,"2012-03-20 12:20:41",189,/the-original-mr-fuzzy
352,"2012-03-20 12:21:14",190,/home
353,"2012-03-20 12:21:24",191,/home
354,"2012-03-20 12:24:50",192,/home
355,"2012-03-20 12:26:29",193,/home
356,"2012-03-20 12:28:32",194,/home
357,"2012-03-20 12:28:44",192,/products
358,"2012-03-20 12:33:19",192,/the-original-mr-fuzzy
359,"2012-03-20 12:39:07",195,/home
360,"2012-03-20 12:42:51",196,/home
361,"2012-03-20 12:48:08",197,/home
362,"2012-03-20 12:51:01",198,/home
363,"2012-03-20 12:51:42",197,/products
364,"2012-03-20 12:54:55",197,/the-original-mr-fuzzy
365,"2012-03-20 13:12:04",199,/home
366,"2012-03-20 13:15:35",200,/home
367,"2012-03-20 13:30:48",201,/home
368,"2012-03-20 13:32:15",202,/home
369,"2012-03-20 13:34:44",201,/products
370,"2012-03-20 13:36:50",201,/the-original-mr-fuzzy
371,"2012-03-20 13:45:10",203,/home
372,"2012-03-20 13:47:15",204,/home
373,"2012-03-20 13:48:36",205,/home
374,"2012-03-20 13:49:16",206,/home
375,"2012-03-20 13:49:52",203,/products
376,"2012-03-20 13:50:28",203,/the-original-mr-fuzzy
377,"2012-03-20 13:58:38",207,/home
378,"2012-03-20 13:59:30",207,/products
379,"2012-03-20 14:03:04",208,/home
380,"2012-03-20 14:09:31",209,/home
381,"2012-03-20 14:13:57",210,/home
382,"2012-03-20 14:22:06",211,/home
383,"2012-03-20 14:25:21",211,/products
384,"2012-03-20 14:26:13",211,/the-original-mr-fuzzy
385,"2012-03-20 14:27:17",211,/cart
386,"2012-03-20 14:28:12",211,/shipping
387,"2012-03-20 14:30:40",211,/billing
388,"2012-03-20 14:33:41",212,/home
389,"2012-03-20 14:36:16",213,/home
390,"2012-03-20 14:41:07",214,/home
391,"2012-03-20 14:42:35",215,/home
392,"2012-03-20 14:42:56",216,/home
393,"2012-03-20 14:43:30",217,/home
394,"2012-03-20 14:43:59",217,/products
395,"2012-03-20 14:46:16",217,/the-original-mr-fuzzy
396,"2012-03-20 14:52:07",218,/home
397,"2012-03-20 14:54:17",219,/home
398,"2012-03-20 15:10:28",220,/home
399,"2012-03-20 15:24:21",221,/home
400,"2012-03-20 15:25:38",222,/home
401,"2012-03-20 15:25:41",223,/home
402,"2012-03-20 15:27:56",222,/products
403,"2012-03-20 15:28:32",223,/products
404,"2012-03-20 15:30:55",224,/home
405,"2012-03-20 15:32:42",223,/the-original-mr-fuzzy
406,"2012-03-20 15:33:53",224,/products
407,"2012-03-20 15:35:04",225,/home
408,"2012-03-20 15:35:26",223,/cart
409,"2012-03-20 15:37:17",226,/home
410,"2012-03-20 15:38:07",227,/home
411,"2012-03-20 15:40:02",228,/home
412,"2012-03-20 15:40:17",227,/products
413,"2012-03-20 15:40:29",229,/home
414,"2012-03-20 15:41:52",230,/home
415,"2012-03-20 15:42:25",226,/products
416,"2012-03-20 15:42:55",226,/the-original-mr-fuzzy
417,"2012-03-20 15:43:14",227,/the-original-mr-fuzzy
418,"2012-03-20 15:46:40",231,/home
419,"2012-03-20 15:50:20",231,/products
420,"2012-03-20 15:54:22",232,/home
421,"2012-03-20 15:54:33",231,/the-original-mr-fuzzy
422,"2012-03-20 15:57:15",231,/cart
423,"2012-03-20 15:59:04",231,/shipping
424,"2012-03-20 15:59:10",232,/products
425,"2012-03-20 16:02:08",231,/billing
426,"2012-03-20 16:02:16",232,/the-original-mr-fuzzy
427,"2012-03-20 16:03:33",232,/cart
428,"2012-03-20 16:04:32",233,/home
429,"2012-03-20 16:05:57",232,/shipping
430,"2012-03-20 16:06:32",234,/home
431,"2012-03-20 16:07:00",233,/products
432,"2012-03-20 16:07:37",234,/products
433,"2012-03-20 16:07:46",232,/billing
434,"2012-03-20 16:07:59",235,/home
435,"2012-03-20 16:09:37",233,/the-original-mr-fuzzy
436,"2012-03-20 16:11:08",233,/cart
437,"2012-03-20 16:12:47",232,/thank-you-for-your-order
438,"2012-03-20 16:13:48",233,/shipping
439,"2012-03-20 16:17:19",236,/home
440,"2012-03-20 16:19:26",237,/home
441,"2012-03-20 16:21:53",238,/home
442,"2012-03-20 16:23:46",237,/products
443,"2012-03-20 16:38:04",239,/home
444,"2012-03-20 16:39:45",240,/home
445,"2012-03-20 16:43:35",239,/products
446,"2012-03-20 16:46:01",241,/home
447,"2012-03-20 16:47:02",242,/home
448,"2012-03-20 16:47:14",241,/products
449,"2012-03-20 16:50:44",241,/the-original-mr-fuzzy
450,"2012-03-20 16:54:02",241,/cart
451,"2012-03-20 16:55:31",243,/home
452,"2012-03-20 16:56:15",241,/shipping
453,"2012-03-20 16:58:42",241,/billing
454,"2012-03-20 17:03:41",241,/thank-you-for-your-order
455,"2012-03-20 17:12:39",244,/home
456,"2012-03-20 17:14:00",244,/products
457,"2012-03-20 17:17:09",245,/home
458,"2012-03-20 17:17:58",246,/home
459,"2012-03-20 17:22:56",246,/products
460,"2012-03-20 17:23:34",246,/the-original-mr-fuzzy
461,"2012-03-20 17:51:31",247,/home
462,"2012-03-20 17:55:13",248,/home
463,"2012-03-20 17:56:40",247,/products
464,"2012-03-20 17:57:52",247,/the-original-mr-fuzzy
465,"2012-03-20 17:58:51",248,/products
466,"2012-03-20 18:02:41",248,/the-original-mr-fuzzy
467,"2012-03-20 18:05:37",249,/home
468,"2012-03-20 18:07:26",250,/home
469,"2012-03-20 18:11:14",251,/home
470,"2012-03-20 18:15:48",252,/home
471,"2012-03-20 18:16:36",252,/products
472,"2012-03-20 18:22:01",253,/home
473,"2012-03-20 18:29:20",254,/home
474,"2012-03-20 18:39:29",255,/home
475,"2012-03-20 18:39:39",256,/home
476,"2012-03-20 18:51:03",257,/home
477,"2012-03-20 18:54:14",258,/home
478,"2012-03-20 18:56:27",259,/home
479,"2012-03-20 19:26:01",260,/home
480,"2012-03-20 19:29:45",261,/home
481,"2012-03-20 19:30:41",262,/home
482,"2012-03-20 19:33:32",262,/products
483,"2012-03-20 19:44:50",263,/home
484,"2012-03-20 19:46:49",264,/home
485,"2012-03-20 19:47:23",265,/home
486,"2012-03-20 19:51:16",264,/products
487,"2012-03-20 19:56:00",266,/home
488,"2012-03-20 19:58:41",267,/home
489,"2012-03-20 20:06:39",268,/home
490,"2012-03-20 20:08:27",269,/home
491,"2012-03-20 20:10:21",268,/products
492,"2012-03-20 20:16:26",270,/home
493,"2012-03-20 20:16:38",271,/home
494,"2012-03-20 20:17:46",271,/products
495,"2012-03-20 20:19:53",271,/the-original-mr-fuzzy
496,"2012-03-20 20:30:41",272,/home
497,"2012-03-20 20:35:15",272,/products
498,"2012-03-20 20:36:12",273,/home
499,"2012-03-20 20:38:30",272,/the-original-mr-fuzzy
500,"2012-03-20 20:38:48",274,/home
501,"2012-03-20 20:41:53",275,/home
502,"2012-03-20 20:42:00",276,/home
503,"2012-03-20 20:42:09",277,/home
504,"2012-03-20 21:01:34",278,/home
505,"2012-03-20 21:02:24",278,/products
506,"2012-03-20 21:03:49",279,/home
507,"2012-03-20 21:05:15",280,/home
508,"2012-03-20 21:06:13",279,/products
509,"2012-03-20 21:11:48",281,/home
510,"2012-03-20 21:24:43",282,/home
511,"2012-03-20 21:26:18",283,/home
512,"2012-03-20 21:26:39",283,/products
513,"2012-03-20 21:27:25",283,/the-original-mr-fuzzy
514,"2012-03-20 21:28:00",283,/cart
515,"2012-03-20 21:30:44",283,/shipping
516,"2012-03-20 21:31:20",283,/billing
517,"2012-03-20 22:05:47",284,/home
518,"2012-03-20 22:06:52",285,/home
519,"2012-03-20 22:09:48",284,/products
520,"2012-03-20 22:10:54",286,/home
521,"2012-03-20 22:12:04",286,/products
522,"2012-03-20 22:13:08",287,/home
523,"2012-03-20 22:13:45",288,/home
524,"2012-03-20 22:14:47",286,/the-original-mr-fuzzy
525,"2012-03-20 22:16:17",289,/home
526,"2012-03-20 22:18:21",286,/cart
527,"2012-03-20 22:21:03",289,/products
528,"2012-03-20 22:21:27",286,/shipping
529,"2012-03-20 22:22:38",286,/billing
530,"2012-03-20 22:23:12",289,/the-original-mr-fuzzy
531,"2012-03-20 22:34:57",290,/home
532,"2012-03-20 22:35:15",291,/home
533,"2012-03-20 22:52:38",292,/home
534,"2012-03-20 23:02:02",293,/home
535,"2012-03-20 23:17:59",294,/home
536,"2012-03-20 23:23:40",295,/home
537,"2012-03-20 23:26:17",295,/products
538,"2012-03-20 23:28:39",295,/the-original-mr-fuzzy
539,"2012-03-20 23:29:41",295,/cart
540,"2012-03-20 23:33:05",295,/shipping
541,"2012-03-20 23:33:58",295,/billing
542,"2012-03-20 23:35:27",295,/thank-you-for-your-order
543,"2012-03-20 23:39:47",296,/home
544,"2012-03-20 23:42:38",296,/products
545,"2012-03-20 23:47:04",297,/home
546,"2012-03-20 23:48:57",298,/home
547,"2012-03-21 00:14:36",299,/home
548,"2012-03-21 00:34:13",300,/home
549,"2012-03-21 00:47:33",301,/home
550,"2012-03-21 00:49:54",301,/products
551,"2012-03-21 00:50:37",301,/the-original-mr-fuzzy
552,"2012-03-21 00:52:01",301,/cart
553,"2012-03-21 01:02:44",302,/home
554,"2012-03-21 01:44:48",303,/home
555,"2012-03-21 02:16:10",304,/home
556,"2012-03-21 02:19:43",304,/products
557,"2012-03-21 02:20:23",304,/the-original-mr-fuzzy
558,"2012-03-21 02:22:16",305,/home
559,"2012-03-21 02:23:51",304,/cart
560,"2012-03-21 02:27:36",304,/shipping
561,"2012-03-21 02:28:05",304,/billing
562,"2012-03-21 02:35:01",304,/thank-you-for-your-order
563,"2012-03-21 02:55:51",306,/home
564,"2012-03-21 03:12:20",307,/home
565,"2012-03-21 03:12:45",308,/home
566,"2012-03-21 03:27:16",309,/home
567,"2012-03-21 03:48:00",310,/home
568,"2012-03-21 03:50:29",310,/products
569,"2012-03-21 04:03:19",311,/home
570,"2012-03-21 04:08:30",311,/products
571,"2012-03-21 04:27:56",312,/home
572,"2012-03-21 04:28:31",313,/home
573,"2012-03-21 04:29:46",313,/products
574,"2012-03-21 05:26:17",314,/home
575,"2012-03-21 05:49:04",315,/home
576,"2012-03-21 06:12:02",316,/home
577,"2012-03-21 06:30:14",317,/home
578,"2012-03-21 06:33:09",317,/products
579,"2012-03-21 06:34:02",317,/the-original-mr-fuzzy
580,"2012-03-21 06:35:47",317,/cart
581,"2012-03-21 06:36:52",317,/shipping
582,"2012-03-21 06:39:16",317,/billing
583,"2012-03-21 06:42:14",318,/home
584,"2012-03-21 06:45:06",319,/home
585,"2012-03-21 06:45:58",317,/thank-you-for-your-order
586,"2012-03-21 06:48:23",319,/products
587,"2012-03-21 06:50:36",319,/the-original-mr-fuzzy
588,"2012-03-21 06:53:16",320,/home
589,"2012-03-21 07:11:43",321,/home
590,"2012-03-21 07:15:55",321,/products
591,"2012-03-21 07:19:42",321,/the-original-mr-fuzzy
592,"2012-03-21 07:21:16",321,/cart
593,"2012-03-21 07:22:17",321,/shipping
594,"2012-03-21 07:23:44",321,/billing
595,"2012-03-21 07:25:39",322,/home
596,"2012-03-21 07:27:31",323,/home
597,"2012-03-21 07:28:02",321,/thank-you-for-your-order
598,"2012-03-21 07:33:32",324,/home
599,"2012-03-21 07:37:52",325,/home
600,"2012-03-21 07:50:28",326,/home
601,"2012-03-21 07:58:18",327,/home
602,"2012-03-21 07:59:11",328,/home
603,"2012-03-21 08:03:45",327,/products
604,"2012-03-21 08:04:39",329,/home
605,"2012-03-21 08:06:55",327,/the-original-mr-fuzzy
606,"2012-03-21 08:09:08",327,/cart
607,"2012-03-21 08:09:43",329,/products
608,"2012-03-21 08:10:39",327,/shipping
609,"2012-03-21 08:13:15",327,/billing
610,"2012-03-21 08:17:16",330,/home
611,"2012-03-21 08:17:40",330,/products
612,"2012-03-21 08:21:33",327,/thank-you-for-your-order
613,"2012-03-21 08:23:19",331,/home
614,"2012-03-21 08:25:15",331,/products
615,"2012-03-21 08:29:38",332,/home
616,"2012-03-21 08:30:56",332,/products
617,"2012-03-21 08:35:08",332,/the-original-mr-fuzzy
618,"2012-03-21 08:35:42",333,/home
619,"2012-03-21 08:37:26",332,/cart
620,"2012-03-21 08:38:00",332,/shipping
621,"2012-03-21 08:40:31",332,/billing
622,"2012-03-21 08:44:16",334,/home
623,"2012-03-21 08:45:32",332,/thank-you-for-your-order
624,"2012-03-21 08:51:40",335,/home
625,"2012-03-21 08:56:05",336,/home
626,"2012-03-21 08:58:42",336,/products
627,"2012-03-21 09:01:09",336,/the-original-mr-fuzzy
628,"2012-03-21 09:01:54",336,/cart
629,"2012-03-21 09:03:29",336,/shipping
630,"2012-03-21 09:05:02",336,/billing
631,"2012-03-21 09:08:16",337,/home
632,"2012-03-21 09:09:33",338,/home
633,"2012-03-21 09:12:05",336,/thank-you-for-your-order
634,"2012-03-21 09:14:54",339,/home
635,"2012-03-21 09:15:26",340,/home
636,"2012-03-21 09:18:18",339,/products
637,"2012-03-21 09:19:10",340,/products
638,"2012-03-21 09:21:43",340,/the-original-mr-fuzzy
639,"2012-03-21 09:22:06",339,/the-original-mr-fuzzy
640,"2012-03-21 09:24:52",341,/home
641,"2012-03-21 09:25:50",339,/cart
642,"2012-03-21 09:28:06",339,/shipping
643,"2012-03-21 09:28:07",342,/home
644,"2012-03-21 09:28:56",341,/products
645,"2012-03-21 09:29:40",343,/home
646,"2012-03-21 09:30:05",341,/the-original-mr-fuzzy
647,"2012-03-21 09:30:54",339,/billing
648,"2012-03-21 09:34:23",344,/home
649,"2012-03-21 09:37:48",344,/products
650,"2012-03-21 09:40:03",344,/the-original-mr-fuzzy
651,"2012-03-21 09:42:19",345,/home
652,"2012-03-21 09:55:03",346,/home
653,"2012-03-21 10:02:11",347,/home
654,"2012-03-21 10:02:28",348,/home
655,"2012-03-21 10:02:59",349,/home
656,"2012-03-21 10:04:06",348,/products
657,"2012-03-21 10:07:12",348,/the-original-mr-fuzzy
658,"2012-03-21 10:07:35",350,/home
659,"2012-03-21 10:08:37",348,/cart
660,"2012-03-21 10:08:38",351,/home
661,"2012-03-21 10:10:44",351,/products
662,"2012-03-21 10:11:19",348,/shipping
663,"2012-03-21 10:11:58",350,/products
664,"2012-03-21 10:12:47",351,/the-original-mr-fuzzy
665,"2012-03-21 10:13:36",352,/home
666,"2012-03-21 10:14:28",348,/billing
667,"2012-03-21 10:15:51",353,/home
668,"2012-03-21 10:16:03",350,/the-original-mr-fuzzy
669,"2012-03-21 10:16:52",354,/home
670,"2012-03-21 10:17:54",355,/home
671,"2012-03-21 10:23:06",355,/products
672,"2012-03-21 10:23:42",356,/home
673,"2012-03-21 10:25:15",355,/the-original-mr-fuzzy
674,"2012-03-21 10:27:07",357,/home
675,"2012-03-21 10:29:14",356,/products
676,"2012-03-21 10:30:07",358,/home
677,"2012-03-21 10:32:16",357,/products
678,"2012-03-21 10:33:35",356,/the-original-mr-fuzzy
679,"2012-03-21 10:34:05",357,/the-original-mr-fuzzy
680,"2012-03-21 10:37:22",359,/home
681,"2012-03-21 10:39:34",359,/products
682,"2012-03-21 10:42:30",360,/home
683,"2012-03-21 10:44:09",359,/the-original-mr-fuzzy
684,"2012-03-21 10:53:57",361,/home
685,"2012-03-21 10:57:38",361,/products
686,"2012-03-21 10:58:57",362,/home
687,"2012-03-21 11:01:39",361,/the-original-mr-fuzzy
688,"2012-03-21 11:03:00",363,/home
689,"2012-03-21 11:04:01",362,/products
690,"2012-03-21 11:04:27",361,/cart
691,"2012-03-21 11:05:38",362,/the-original-mr-fuzzy
692,"2012-03-21 11:05:50",363,/products
693,"2012-03-21 11:10:12",364,/home
694,"2012-03-21 11:10:28",363,/the-original-mr-fuzzy
695,"2012-03-21 11:11:14",365,/home
696,"2012-03-21 11:11:56",366,/home
697,"2012-03-21 11:17:41",367,/home
698,"2012-03-21 11:23:31",368,/home
699,"2012-03-21 11:29:58",369,/home
700,"2012-03-21 11:34:30",370,/home
701,"2012-03-21 11:36:38",371,/home
702,"2012-03-21 11:37:05",370,/products
703,"2012-03-21 11:38:51",372,/home
704,"2012-03-21 11:40:41",371,/products
705,"2012-03-21 11:41:03",371,/the-original-mr-fuzzy
706,"2012-03-21 11:43:02",371,/cart
707,"2012-03-21 11:43:54",373,/home
708,"2012-03-21 11:45:46",374,/home
709,"2012-03-21 11:46:13",375,/home
710,"2012-03-21 11:50:05",375,/products
711,"2012-03-21 11:50:59",374,/products
712,"2012-03-21 11:51:58",374,/the-original-mr-fuzzy
713,"2012-03-21 11:53:04",374,/cart
714,"2012-03-21 11:53:40",375,/the-original-mr-fuzzy
715,"2012-03-21 12:00:29",376,/home
716,"2012-03-21 12:03:50",377,/home
717,"2012-03-21 12:05:40",376,/products
718,"2012-03-21 12:06:05",377,/products
719,"2012-03-21 12:07:30",377,/the-original-mr-fuzzy
720,"2012-03-21 12:08:18",378,/home
721,"2012-03-21 12:11:01",379,/home
722,"2012-03-21 12:13:19",379,/products
723,"2012-03-21 12:18:53",380,/home
724,"2012-03-21 12:25:40",381,/home
725,"2012-03-21 12:26:36",382,/home
726,"2012-03-21 12:29:48",382,/products
727,"2012-03-21 12:30:21",382,/the-original-mr-fuzzy
728,"2012-03-21 12:33:09",382,/cart
729,"2012-03-21 12:34:06",383,/home
730,"2012-03-21 12:42:29",384,/home
731,"2012-03-21 12:55:20",385,/home
732,"2012-03-21 12:58:18",385,/products
733,"2012-03-21 13:01:56",386,/home
734,"2012-03-21 13:02:38",386,/products
735,"2012-03-21 13:05:16",386,/the-original-mr-fuzzy
736,"2012-03-21 13:08:14",386,/cart
737,"2012-03-21 13:12:56",387,/home
738,"2012-03-21 13:16:09",387,/products
739,"2012-03-21 13:18:36",387,/the-original-mr-fuzzy
740,"2012-03-21 13:27:08",388,/home
741,"2012-03-21 13:40:13",389,/home
742,"2012-03-21 13:45:59",390,/home
743,"2012-03-21 13:47:26",391,/home
744,"2012-03-21 13:48:34",390,/products
745,"2012-03-21 13:50:57",392,/home
746,"2012-03-21 13:51:22",391,/products
747,"2012-03-21 13:53:06",393,/home
748,"2012-03-21 13:54:34",394,/home
749,"2012-03-21 13:55:23",395,/home
750,"2012-03-21 13:55:29",391,/the-original-mr-fuzzy
751,"2012-03-21 13:55:42",396,/home
752,"2012-03-21 13:57:51",391,/cart
753,"2012-03-21 13:59:02",397,/home
754,"2012-03-21 14:00:37",391,/shipping
755,"2012-03-21 14:00:43",398,/home
756,"2012-03-21 14:03:06",399,/home
757,"2012-03-21 14:04:55",400,/home
758,"2012-03-21 14:06:12",398,/products
759,"2012-03-21 14:18:57",401,/home
760,"2012-03-21 14:22:45",401,/products
761,"2012-03-21 14:27:53",402,/home
762,"2012-03-21 14:30:42",403,/home
763,"2012-03-21 14:32:02",402,/products
764,"2012-03-21 14:33:05",403,/products
765,"2012-03-21 14:33:23",404,/home
766,"2012-03-21 14:34:36",404,/products
767,"2012-03-21 14:34:48",405,/home
768,"2012-03-21 14:36:11",402,/the-original-mr-fuzzy
769,"2012-03-21 14:36:49",403,/the-original-mr-fuzzy
770,"2012-03-21 14:45:11",406,/home
771,"2012-03-21 14:54:54",407,/home
772,"2012-03-21 14:59:22",407,/products
773,"2012-03-21 15:00:53",407,/the-original-mr-fuzzy
774,"2012-03-21 15:01:10",408,/home
775,"2012-03-21 15:03:24",407,/cart
776,"2012-03-21 15:06:07",409,/home
777,"2012-03-21 15:10:48",410,/home
778,"2012-03-21 15:12:36",411,/home
779,"2012-03-21 15:12:53",410,/products
780,"2012-03-21 15:13:28",410,/the-original-mr-fuzzy
781,"2012-03-21 15:21:32",412,/home
782,"2012-03-21 15:23:40",412,/products
783,"2012-03-21 15:25:32",413,/home
784,"2012-03-21 15:26:13",412,/the-original-mr-fuzzy
785,"2012-03-21 15:27:38",414,/home
786,"2012-03-21 15:28:11",415,/home
787,"2012-03-21 15:30:50",416,/home
788,"2012-03-21 15:30:59",417,/home
789,"2012-03-21 15:34:22",418,/home
790,"2012-03-21 15:35:18",419,/home
791,"2012-03-21 15:36:44",418,/products
792,"2012-03-21 15:38:38",418,/the-original-mr-fuzzy
793,"2012-03-21 15:50:20",420,/home
794,"2012-03-21 15:54:11",421,/home
795,"2012-03-21 15:58:03",421,/products
796,"2012-03-21 16:03:10",422,/home
797,"2012-03-21 16:03:32",423,/home
798,"2012-03-21 16:04:49",422,/products
799,"2012-03-21 16:05:32",423,/products
800,"2012-03-21 16:06:26",422,/the-original-mr-fuzzy
801,"2012-03-21 16:07:38",423,/the-original-mr-fuzzy
802,"2012-03-21 16:09:05",423,/cart
803,"2012-03-21 16:17:35",424,/home
804,"2012-03-21 16:17:37",425,/home
805,"2012-03-21 16:18:44",426,/home
806,"2012-03-21 16:18:54",425,/products
807,"2012-03-21 16:19:52",425,/the-original-mr-fuzzy
808,"2012-03-21 16:23:29",427,/home
809,"2012-03-21 16:23:54",428,/home
810,"2012-03-21 16:27:11",428,/products
811,"2012-03-21 16:27:53",429,/home
812,"2012-03-21 16:29:09",430,/home
813,"2012-03-21 16:29:29",429,/products
814,"2012-03-21 16:29:56",428,/the-original-mr-fuzzy
815,"2012-03-21 16:30:54",430,/products
816,"2012-03-21 16:31:14",429,/the-original-mr-fuzzy
817,"2012-03-21 16:32:51",428,/cart
818,"2012-03-21 16:34:40",428,/shipping
819,"2012-03-21 16:35:50",428,/billing
820,"2012-03-21 16:40:06",428,/thank-you-for-your-order
821,"2012-03-21 16:40:09",431,/home
822,"2012-03-21 16:40:44",432,/home
823,"2012-03-21 16:50:15",433,/home
824,"2012-03-21 16:51:07",434,/home
825,"2012-03-21 16:55:07",435,/home
826,"2012-03-21 16:55:24",433,/products
827,"2012-03-21 16:56:41",434,/products
828,"2012-03-21 17:00:03",433,/the-original-mr-fuzzy
829,"2012-03-21 17:01:12",434,/the-original-mr-fuzzy
830,"2012-03-21 17:01:36",436,/home
831,"2012-03-21 17:02:33",437,/home
832,"2012-03-21 17:02:40",438,/home
833,"2012-03-21 17:03:07",436,/products
834,"2012-03-21 17:03:43",434,/cart
835,"2012-03-21 17:04:09",434,/shipping
836,"2012-03-21 17:06:05",434,/billing
837,"2012-03-21 17:07:05",439,/home
838,"2012-03-21 17:07:06",436,/the-original-mr-fuzzy
839,"2012-03-21 17:07:31",437,/products
840,"2012-03-21 17:10:16",439,/products
841,"2012-03-21 17:11:55",439,/the-original-mr-fuzzy
842,"2012-03-21 17:13:05",434,/thank-you-for-your-order
843,"2012-03-21 17:15:19",439,/cart
844,"2012-03-21 17:18:54",439,/shipping
845,"2012-03-21 17:21:32",440,/home
846,"2012-03-21 17:22:50",440,/products
847,"2012-03-21 17:23:20",440,/the-original-mr-fuzzy
848,"2012-03-21 17:24:36",441,/home
849,"2012-03-21 17:26:56",442,/home
850,"2012-03-21 17:27:57",441,/products
851,"2012-03-21 17:29:12",443,/home
852,"2012-03-21 17:29:40",441,/the-original-mr-fuzzy
853,"2012-03-21 17:30:55",443,/products
854,"2012-03-21 17:31:05",444,/home
855,"2012-03-21 17:33:19",443,/the-original-mr-fuzzy
856,"2012-03-21 17:33:26",445,/home
857,"2012-03-21 17:46:05",446,/home
858,"2012-03-21 17:47:48",446,/products
859,"2012-03-21 17:48:21",447,/home
860,"2012-03-21 18:00:23",448,/home
861,"2012-03-21 18:00:54",449,/home
862,"2012-03-21 18:14:01",450,/home
863,"2012-03-21 18:15:07",451,/home
864,"2012-03-21 18:15:19",452,/home
865,"2012-03-21 18:18:18",453,/home
866,"2012-03-21 18:18:25",452,/products
867,"2012-03-21 18:20:18",454,/home
868,"2012-03-21 18:20:38",452,/the-original-mr-fuzzy
869,"2012-03-21 18:22:23",452,/cart
870,"2012-03-21 18:23:44",453,/products
871,"2012-03-21 18:24:19",452,/shipping
872,"2012-03-21 18:27:13",452,/billing
873,"2012-03-21 18:27:22",453,/the-original-mr-fuzzy
874,"2012-03-21 18:29:08",453,/cart
875,"2012-03-21 18:30:35",455,/home
876,"2012-03-21 18:44:08",456,/home
877,"2012-03-21 18:45:29",457,/home
878,"2012-03-21 18:46:17",456,/products
879,"2012-03-21 18:48:43",456,/the-original-mr-fuzzy
880,"2012-03-21 18:50:32",458,/home
881,"2012-03-21 18:53:31",458,/products
882,"2012-03-21 18:53:45",459,/home
883,"2012-03-21 18:54:33",459,/products
884,"2012-03-21 19:08:09",460,/home
885,"2012-03-21 19:11:22",460,/products
886,"2012-03-21 19:12:35",461,/home
887,"2012-03-21 19:48:12",462,/home
888,"2012-03-21 19:51:46",463,/home
889,"2012-03-21 19:53:25",464,/home
890,"2012-03-21 20:08:13",465,/home
891,"2012-03-21 20:12:59",465,/products
892,"2012-03-21 20:14:01",465,/the-original-mr-fuzzy
893,"2012-03-21 20:17:14",465,/cart
894,"2012-03-21 20:18:20",466,/home
895,"2012-03-21 20:19:25",465,/shipping
896,"2012-03-21 20:19:46",466,/products
897,"2012-03-21 20:21:56",465,/billing
898,"2012-03-21 20:23:28",467,/home
899,"2012-03-21 20:28:11",465,/thank-you-for-your-order
900,"2012-03-21 20:33:29",468,/home
901,"2012-03-21 20:33:52",468,/products
902,"2012-03-21 20:35:54",468,/the-original-mr-fuzzy
903,"2012-03-21 20:36:59",469,/home
904,"2012-03-21 20:40:03",469,/products
905,"2012-03-21 20:40:09",470,/home
906,"2012-03-21 20:40:57",471,/home
907,"2012-03-21 20:41:45",472,/home
908,"2012-03-21 20:42:19",473,/home
909,"2012-03-21 20:42:22",470,/products
910,"2012-03-21 20:42:24",469,/the-original-mr-fuzzy
911,"2012-03-21 20:43:23",473,/products
912,"2012-03-21 20:43:24",470,/the-original-mr-fuzzy
913,"2012-03-21 20:49:59",474,/home
914,"2012-03-21 20:56:32",475,/home
915,"2012-03-21 21:00:43",475,/products
916,"2012-03-21 21:01:57",476,/home
917,"2012-03-21 21:02:22",477,/home
918,"2012-03-21 21:06:47",477,/products
919,"2012-03-21 21:09:04",477,/the-original-mr-fuzzy
920,"2012-03-21 21:15:58",478,/home
921,"2012-03-21 21:25:25",479,/home
922,"2012-03-21 21:25:58",480,/home
923,"2012-03-21 21:26:03",481,/home
924,"2012-03-21 21:27:17",482,/home
925,"2012-03-21 21:28:16",481,/products
926,"2012-03-21 22:06:19",483,/home
927,"2012-03-21 22:08:52",483,/products
928,"2012-03-21 22:12:30",483,/the-original-mr-fuzzy
929,"2012-03-21 22:19:18",484,/home
930,"2012-03-21 22:24:26",485,/home
931,"2012-03-21 22:50:02",486,/home
932,"2012-03-21 23:17:50",487,/home
933,"2012-03-21 23:18:20",487,/products
934,"2012-03-21 23:30:09",488,/home
935,"2012-03-21 23:30:38",488,/products
936,"2012-03-21 23:50:37",489,/home
937,"2012-03-22 00:08:50",490,/home
938,"2012-03-22 00:37:07",491,/home
939,"2012-03-22 01:14:52",492,/home
940,"2012-03-22 01:18:08",493,/home
941,"2012-03-22 01:31:51",494,/home
942,"2012-03-22 01:36:25",494,/products
943,"2012-03-22 01:38:41",494,/the-original-mr-fuzzy
944,"2012-03-22 01:39:32",495,/home
945,"2012-03-22 01:54:22",496,/home
946,"2012-03-22 02:01:05",497,/home
947,"2012-03-22 02:15:43",498,/home
948,"2012-03-22 02:16:18",499,/home
949,"2012-03-22 02:20:25",498,/products
950,"2012-03-22 02:24:59",498,/the-original-mr-fuzzy
951,"2012-03-22 02:57:12",500,/home
952,"2012-03-22 04:19:47",501,/home
953,"2012-03-22 04:31:34",502,/home
954,"2012-03-22 04:36:29",502,/products
955,"2012-03-22 04:57:32",503,/home
956,"2012-03-22 05:04:28",504,/home
957,"2012-03-22 05:36:22",505,/home
958,"2012-03-22 05:38:43",506,/home
959,"2012-03-22 06:02:32",507,/home
960,"2012-03-22 06:06:12",507,/products
961,"2012-03-22 06:08:46",507,/the-original-mr-fuzzy
962,"2012-03-22 06:11:46",507,/cart
963,"2012-03-22 06:12:59",507,/shipping
964,"2012-03-22 06:13:38",507,/billing
965,"2012-03-22 06:15:33",507,/thank-you-for-your-order
966,"2012-03-22 06:19:13",508,/home
967,"2012-03-22 06:27:59",509,/home
968,"2012-03-22 06:51:18",510,/home
969,"2012-03-22 06:53:42",510,/products
970,"2012-03-22 06:56:58",510,/the-original-mr-fuzzy
971,"2012-03-22 07:14:05",511,/home
972,"2012-03-22 07:17:59",512,/home
973,"2012-03-22 07:18:42",513,/home
974,"2012-03-22 07:21:41",512,/products
975,"2012-03-22 07:25:26",514,/home
976,"2012-03-22 07:25:41",512,/the-original-mr-fuzzy
977,"2012-03-22 07:26:59",514,/products
978,"2012-03-22 07:27:01",512,/cart
979,"2012-03-22 07:28:06",514,/the-original-mr-fuzzy
980,"2012-03-22 07:29:47",512,/shipping
981,"2012-03-22 07:30:58",512,/billing
982,"2012-03-22 07:32:44",515,/home
983,"2012-03-22 07:33:24",515,/products
984,"2012-03-22 07:35:32",515,/the-original-mr-fuzzy
985,"2012-03-22 07:41:41",516,/home
986,"2012-03-22 07:53:22",517,/home
987,"2012-03-22 08:00:12",518,/home
988,"2012-03-22 08:05:24",518,/products
989,"2012-03-22 08:05:45",519,/home
990,"2012-03-22 08:08:06",518,/the-original-mr-fuzzy
991,"2012-03-22 08:09:00",518,/cart
992,"2012-03-22 08:25:04",520,/home
993,"2012-03-22 08:27:28",520,/products
994,"2012-03-22 08:36:41",521,/home
995,"2012-03-22 08:37:20",521,/products
996,"2012-03-22 08:39:44",521,/the-original-mr-fuzzy
997,"2012-03-22 08:43:28",521,/cart
998,"2012-03-22 08:46:20",522,/home
999,"2012-03-22 08:46:24",523,/home
1000,"2012-03-22 08:52:42",524,/home
