order_id,created_at,website_session_id,user_id,primary_product_id,items_purchased,price_usd,cogs_usd
1,"2012-03-19 10:42:46",20,20,1,1,49.99,19.49
2,"2012-03-19 19:27:37",104,104,1,1,49.99,19.49
3,"2012-03-20 06:44:45",147,147,1,1,49.99,19.49
4,"2012-03-20 09:41:45",160,160,1,1,49.99,19.49
5,"2012-03-20 11:28:15",177,177,1,1,49.99,19.49
6,"2012-03-20 16:12:47",232,232,1,1,49.99,19.49
7,"2012-03-20 17:03:41",241,241,1,1,49.99,19.49
8,"2012-03-20 23:35:27",295,295,1,1,49.99,19.49
9,"2012-03-21 02:35:01",304,304,1,1,49.99,19.49
10,"2012-03-21 06:45:58",317,317,1,1,49.99,19.49
11,"2012-03-21 07:28:02",321,321,1,1,49.99,19.49
12,"2012-03-21 08:21:33",327,327,1,1,49.99,19.49
13,"2012-03-21 08:45:32",332,332,1,1,49.99,19.49
14,"2012-03-21 09:12:05",336,336,1,1,49.99,19.49
15,"2012-03-21 16:40:06",428,428,1,1,49.99,19.49
16,"2012-03-21 17:13:05",434,434,1,1,49.99,19.49
17,"2012-03-21 20:28:11",465,465,1,1,49.99,19.49
18,"2012-03-22 06:15:33",507,507,1,1,49.99,19.49
19,"2012-03-22 10:03:49",536,536,1,1,49.99,19.49
20,"2012-03-22 17:49:57",615,615,1,1,49.99,19.49
21,"2012-03-22 20:33:40",639,639,1,1,49.99,19.49
22,"2012-03-23 12:09:46",732,732,1,1,49.99,19.49
23,"2012-03-23 14:16:23",750,750,1,1,49.99,19.49
24,"2012-03-23 17:14:48",783,783,1,1,49.99,19.49
25,"2012-03-24 09:21:40",844,844,1,1,49.99,19.49
26,"2012-03-25 08:32:41",908,908,1,1,49.99,19.49
27,"2012-03-25 08:51:27",909,909,1,1,49.99,19.49
28,"2012-03-25 16:00:12",940,940,1,1,49.99,19.49
29,"2012-03-25 21:23:16",954,954,1,1,49.99,19.49
30,"2012-03-26 10:03:39",1018,1016,1,1,49.99,19.49
31,"2012-03-26 10:25:44",1023,1021,1,1,49.99,19.49
32,"2012-03-26 14:13:56",1059,1055,1,1,49.99,19.49
33,"2012-03-26 16:00:19",1081,1077,1,1,49.99,19.49
34,"2012-03-26 17:55:25",1094,1090,1,1,49.99,19.49
35,"2012-03-26 18:06:39",1098,1094,1,1,49.99,19.49
36,"2012-03-26 18:54:41",1105,1101,1,1,49.99,19.49
37,"2012-03-26 19:19:25",1107,1103,1,1,49.99,19.49
38,"2012-03-26 21:13:07",1125,1121,1,1,49.99,19.49
39,"2012-03-27 15:18:43",1243,1238,1,1,49.99,19.49
40,"2012-03-27 16:53:30",1256,1251,1,1,49.99,19.49
41,"2012-03-28 08:30:06",1330,1325,1,1,49.99,19.49
42,"2012-03-28 09:56:58",1343,1337,1,1,49.99,19.49
43,"2012-03-28 16:55:52",1419,1412,1,1,49.99,19.49
44,"2012-03-28 21:24:10",1454,1447,1,1,49.99,19.49
45,"2012-03-28 22:45:52",1463,1456,1,1,49.99,19.49
46,"2012-03-29 16:11:05",1581,1574,1,1,49.99,19.49
47,"2012-03-29 17:49:07",1605,1598,1,1,49.99,19.49
48,"2012-03-29 23:09:30",1643,1635,1,1,49.99,19.49
49,"2012-03-30 00:25:18",1646,1638,1,1,49.99,19.49
50,"2012-03-30 02:27:35",1654,1646,1,1,49.99,19.49
51,"2012-03-30 10:06:25",1685,1677,1,1,49.99,19.49
52,"2012-03-30 10:24:06",1691,1683,1,1,49.99,19.49
53,"2012-03-30 12:47:30",1709,1701,1,1,49.99,19.49
54,"2012-03-30 14:26:49",1726,1718,1,1,49.99,19.49
55,"2012-03-30 14:39:09",1729,1721,1,1,49.99,19.49
56,"2012-03-31 00:22:18",1790,1782,1,1,49.99,19.49
57,"2012-03-31 02:32:43",1802,1794,1,1,49.99,19.49
58,"2012-03-31 06:40:10",1807,1799,1,1,49.99,19.49
59,"2012-03-31 10:25:39",1823,1815,1,1,49.99,19.49
60,"2012-03-31 19:24:33",1863,1855,1,1,49.99,19.49
61,"2012-04-01 06:45:11",1890,1882,1,1,49.99,19.49
62,"2012-04-01 12:38:27",1912,1902,1,1,49.99,19.49
63,"2012-04-01 17:33:26",1939,1929,1,1,49.99,19.49
64,"2012-04-01 18:26:19",1944,1934,1,1,49.99,19.49
65,"2012-04-02 11:07:48",2036,2025,1,1,49.99,19.49
66,"2012-04-02 16:32:15",2089,2076,1,1,49.99,19.49
67,"2012-04-02 17:17:42",2102,2089,1,1,49.99,19.49
68,"2012-04-02 18:36:27",2115,2102,1,1,49.99,19.49
69,"2012-04-03 10:29:20",2210,2196,1,1,49.99,19.49
70,"2012-04-03 11:53:36",2231,2217,1,1,49.99,19.49
71,"2012-04-03 15:03:48",2262,2247,1,1,49.99,19.49
72,"2012-04-03 16:31:50",2291,2276,1,1,49.99,19.49
73,"2012-04-03 16:36:02",2295,1752,1,1,49.99,19.49
74,"2012-04-03 19:09:43",2325,2309,1,1,49.99,19.49
75,"2012-04-04 07:47:38",2392,2376,1,1,49.99,19.49
76,"2012-04-04 11:13:55",2422,2405,1,1,49.99,19.49
77,"2012-04-04 11:34:52",2431,2414,1,1,49.99,19.49
78,"2012-04-04 18:21:44",2514,2495,1,1,49.99,19.49
79,"2012-04-04 19:00:06",2522,2503,1,1,49.99,19.49
80,"2012-04-05 10:34:00",2624,383,1,1,49.99,19.49
81,"2012-04-05 13:15:34",2668,2644,1,1,49.99,19.49
82,"2012-04-05 20:11:27",2770,2746,1,1,49.99,19.49
83,"2012-04-06 04:04:23",2810,2786,1,1,49.99,19.49
84,"2012-04-06 12:16:39",2879,2854,1,1,49.99,19.49
85,"2012-04-06 17:13:09",2942,2916,1,1,49.99,19.49
86,"2012-04-06 22:48:48",2982,2956,1,1,49.99,19.49
87,"2012-04-07 04:47:20",3000,2972,1,1,49.99,19.49
88,"2012-04-07 16:15:03",3040,3012,1,1,49.99,19.49
89,"2012-04-07 16:55:38",3044,3016,1,1,49.99,19.49
90,"2012-04-08 02:25:16",3077,3048,1,1,49.99,19.49
91,"2012-04-08 05:52:53",3082,3053,1,1,49.99,19.49
92,"2012-04-08 20:50:48",3137,3107,1,1,49.99,19.49
93,"2012-04-08 21:10:18",3139,3109,1,1,49.99,19.49
94,"2012-04-08 22:33:08",3147,3116,1,1,49.99,19.49
95,"2012-04-09 09:49:50",3189,3158,1,1,49.99,19.49
96,"2012-04-09 09:50:14",3188,3157,1,1,49.99,19.49
97,"2012-04-09 11:25:30",3208,3177,1,1,49.99,19.49
98,"2012-04-09 15:01:23",3247,3215,1,1,49.99,19.49
99,"2012-04-09 19:48:47",3295,3263,1,1,49.99,19.49
100,"2012-04-09 20:28:57",3299,3267,1,1,49.99,19.49
101,"2012-04-09 22:56:37",3318,3285,1,1,49.99,19.49
102,"2012-04-09 23:25:30",3322,3289,1,1,49.99,19.49
103,"2012-04-10 14:21:17",3421,3386,1,1,49.99,19.49
104,"2012-04-10 16:40:18",3446,3411,1,1,49.99,19.49
105,"2012-04-10 22:27:09",3496,3460,1,1,49.99,19.49
106,"2012-04-11 14:13:17",3604,3565,1,1,49.99,19.49
107,"2012-04-11 15:22:47",3618,3579,1,1,49.99,19.49
108,"2012-04-11 16:38:56",3642,3602,1,1,49.99,19.49
109,"2012-04-11 20:19:28",3683,3642,1,1,49.99,19.49
110,"2012-04-11 21:59:27",3689,3648,1,1,49.99,19.49
111,"2012-04-12 10:03:06",3746,3703,1,1,49.99,19.49
112,"2012-04-12 10:51:25",3765,3722,1,1,49.99,19.49
113,"2012-04-12 13:30:14",3789,811,1,1,49.99,19.49
114,"2012-04-12 15:50:47",3807,3761,1,1,49.99,19.49
115,"2012-04-13 02:13:16",3873,3824,1,1,49.99,19.49
116,"2012-04-13 14:53:49",3947,3895,1,1,49.99,19.49
117,"2012-04-14 23:26:48",4100,4047,1,1,49.99,19.49
118,"2012-04-15 09:00:37",4119,4065,1,1,49.99,19.49
119,"2012-04-15 13:20:39",4130,4076,1,1,49.99,19.49
120,"2012-04-15 15:10:58",4136,4082,1,1,49.99,19.49
121,"2012-04-15 16:36:31",4140,4086,1,1,49.99,19.49
122,"2012-04-16 13:22:52",4224,3313,1,1,49.99,19.49
123,"2012-04-16 14:54:24",4232,4174,1,1,49.99,19.49
124,"2012-04-16 15:03:23",4235,4177,1,1,49.99,19.49
125,"2012-04-16 17:59:57",4249,4191,1,1,49.99,19.49
126,"2012-04-16 19:33:33",4258,167,1,1,49.99,19.49
127,"2012-04-17 19:20:42",4372,455,1,1,49.99,19.49
128,"2012-04-18 10:28:38",4420,4346,1,1,49.99,19.49
129,"2012-04-18 12:10:33",4437,4362,1,1,49.99,19.49
130,"2012-04-18 18:51:07",4490,755,1,1,49.99,19.49
131,"2012-04-18 19:59:44",4501,4423,1,1,49.99,19.49
132,"2012-04-19 07:42:08",4531,59,1,1,49.99,19.49
133,"2012-04-19 13:21:03",4559,4474,1,1,49.99,19.49
134,"2012-04-19 14:19:40",4566,4480,1,1,49.99,19.49
135,"2012-04-19 14:20:15",4567,4481,1,1,49.99,19.49
136,"2012-04-19 19:02:48",4605,4519,1,1,49.99,19.49
137,"2012-04-19 21:50:45",4620,4533,1,1,49.99,19.49
138,"2012-04-20 14:02:15",4685,4590,1,1,49.99,19.49
139,"2012-04-21 17:39:59",4770,4674,1,1,49.99,19.49
140,"2012-04-22 11:01:02",4801,4704,1,1,49.99,19.49
141,"2012-04-22 16:58:22",4815,4718,1,1,49.99,19.49
142,"2012-04-22 21:22:31",4828,4728,1,1,49.99,19.49
143,"2012-04-23 11:07:52",4878,4774,1,1,49.99,19.49
144,"2012-04-23 11:27:53",4881,4777,1,1,49.99,19.49
145,"2012-04-23 12:31:17",4889,4785,1,1,49.99,19.49
146,"2012-04-23 17:12:15",4923,2368,1,1,49.99,19.49
147,"2012-04-23 20:59:07",4943,4832,1,1,49.99,19.49
148,"2012-04-23 22:39:58",4951,4840,1,1,49.99,19.49
149,"2012-04-23 22:57:17",4952,3291,1,1,49.99,19.49
150,"2012-04-24 19:22:17",5054,4933,1,1,49.99,19.49
151,"2012-04-24 23:13:26",5065,210,1,1,49.99,19.49
152,"2012-04-25 21:05:32",5151,13,1,1,49.99,19.49
153,"2012-04-26 15:35:59",5252,5116,1,1,49.99,19.49
154,"2012-04-26 17:43:19",5270,5134,1,1,49.99,19.49
155,"2012-04-26 22:22:55",5292,5154,1,1,49.99,19.49
156,"2012-04-27 01:22:32",5297,5158,1,1,49.99,19.49
157,"2012-04-27 19:42:18",5386,5243,1,1,49.99,19.49
158,"2012-04-29 16:58:56",5458,5312,1,1,49.99,19.49
159,"2012-04-30 12:14:59",5538,5387,1,1,49.99,19.49
160,"2012-05-01 03:50:09",5619,5461,1,1,49.99,19.49
161,"2012-05-01 10:34:08",5650,5488,1,1,49.99,19.49
162,"2012-05-01 11:20:19",5654,876,1,1,49.99,19.49
163,"2012-05-01 12:10:41",5663,4038,1,1,49.99,19.49
164,"2012-05-01 16:25:31",5705,5539,1,1,49.99,19.49
165,"2012-05-02 11:50:21",5820,5640,1,1,49.99,19.49
166,"2012-05-02 12:56:44",5830,5649,1,1,49.99,19.49
167,"2012-05-02 17:15:10",5870,5688,1,1,49.99,19.49
168,"2012-05-02 17:24:00",5873,5691,1,1,49.99,19.49
169,"2012-05-03 09:03:53",5925,3057,1,1,49.99,19.49
170,"2012-05-03 09:40:22",5927,2617,1,1,49.99,19.49
171,"2012-05-03 15:19:38",5976,5788,1,1,49.99,19.49
172,"2012-05-03 16:24:32",5987,5797,1,1,49.99,19.49
173,"2012-05-03 23:52:58",6017,5824,1,1,49.99,19.49
174,"2012-05-04 05:22:36",6036,5840,1,1,49.99,19.49
175,"2012-05-04 10:24:35",6056,5858,1,1,49.99,19.49
176,"2012-05-04 16:56:05",6123,5918,1,1,49.99,19.49
177,"2012-05-08 15:59:05",6481,6237,1,1,49.99,19.49
178,"2012-05-08 16:18:21",6487,6242,1,1,49.99,19.49
179,"2012-05-09 01:00:09",6536,6288,1,1,49.99,19.49
180,"2012-05-09 01:40:07",6539,6291,1,1,49.99,19.49
181,"2012-05-09 09:04:41",6562,6313,1,1,49.99,19.49
182,"2012-05-09 10:16:50",6571,6322,1,1,49.99,19.49
183,"2012-05-09 13:36:25",6603,6352,1,1,49.99,19.49
184,"2012-05-09 14:59:36",6614,2020,1,1,49.99,19.49
185,"2012-05-09 17:01:21",6629,6374,1,1,49.99,19.49
186,"2012-05-09 17:41:14",6637,6381,1,1,49.99,19.49
187,"2012-05-10 09:54:16",6692,6433,1,1,49.99,19.49
188,"2012-05-10 18:45:17",6765,6500,1,1,49.99,19.49
189,"2012-05-10 21:29:58",6781,6515,1,1,49.99,19.49
190,"2012-05-11 11:10:14",6836,6565,1,1,49.99,19.49
191,"2012-05-11 15:06:01",6889,5115,1,1,49.99,19.49
192,"2012-05-11 21:20:08",6927,6648,1,1,49.99,19.49
193,"2012-05-12 20:44:15",6993,6711,1,1,49.99,19.49
194,"2012-05-13 08:21:23",7018,6732,1,1,49.99,19.49
195,"2012-05-13 15:56:25",7035,6747,1,1,49.99,19.49
196,"2012-05-13 17:04:33",7042,6754,1,1,49.99,19.49
197,"2012-05-14 18:33:40",7140,3659,1,1,49.99,19.49
198,"2012-05-14 18:51:18",7144,6841,1,1,49.99,19.49
199,"2012-05-15 03:20:44",7175,6869,1,1,49.99,19.49
200,"2012-05-15 05:20:02",7178,3123,1,1,49.99,19.49
201,"2012-05-15 05:28:05",7179,6872,1,1,49.99,19.49
202,"2012-05-15 08:13:34",7188,6880,1,1,49.99,19.49
203,"2012-05-15 08:56:05",7191,6882,1,1,49.99,19.49
204,"2012-05-15 15:06:45",7240,6929,1,1,49.99,19.49
205,"2012-05-15 15:29:52",7245,872,1,1,49.99,19.49
206,"2012-05-15 17:26:16",7263,6948,1,1,49.99,19.49
207,"2012-05-16 05:07:43",7311,6994,1,1,49.99,19.49
208,"2012-05-16 05:33:50",7312,6995,1,1,49.99,19.49
209,"2012-05-17 00:34:13",7421,7097,1,1,49.99,19.49
210,"2012-05-17 16:23:20",7507,7176,1,1,49.99,19.49
211,"2012-05-17 19:33:38",7528,7195,1,1,49.99,19.49
212,"2012-05-18 10:29:28",7577,4607,1,1,49.99,19.49
213,"2012-05-18 11:38:07",7590,7248,1,1,49.99,19.49
214,"2012-05-18 13:43:00",7597,3264,1,1,49.99,19.49
215,"2012-05-18 14:24:34",7604,7260,1,1,49.99,19.49
216,"2012-05-19 03:45:52",7663,7314,1,1,49.99,19.49
217,"2012-05-20 00:54:14",7710,7355,1,1,49.99,19.49
218,"2012-05-20 09:53:49",7734,7379,1,1,49.99,19.49
219,"2012-05-20 22:54:22",7787,7425,1,1,49.99,19.49
220,"2012-05-20 23:15:35",7792,7430,1,1,49.99,19.49
221,"2012-05-20 23:36:57",7795,7432,1,1,49.99,19.49
222,"2012-05-21 05:26:35",7820,7455,1,1,49.99,19.49
223,"2012-05-21 11:52:18",7864,7498,1,1,49.99,19.49
224,"2012-05-21 16:48:12",7906,7533,1,1,49.99,19.49
225,"2012-05-21 22:15:20",7947,7569,1,1,49.99,19.49
226,"2012-05-22 05:15:47",7973,7594,1,1,49.99,19.49
227,"2012-05-22 06:15:19",7978,7599,1,1,49.99,19.49
228,"2012-05-22 11:40:48",8001,4430,1,1,49.99,19.49
229,"2012-05-22 13:00:49",8011,7630,1,1,49.99,19.49
230,"2012-05-22 16:53:01",8060,1997,1,1,49.99,19.49
231,"2012-05-23 03:29:12",8130,7735,1,1,49.99,19.49
232,"2012-05-23 22:13:43",8265,4098,1,1,49.99,19.49
233,"2012-05-23 23:24:06",8272,7867,1,1,49.99,19.49
234,"2012-05-24 19:34:52",8435,8016,1,1,49.99,19.49
235,"2012-05-24 20:47:20",8447,8026,1,1,49.99,19.49
236,"2012-05-25 04:56:43",8479,8053,1,1,49.99,19.49
237,"2012-05-25 05:03:31",8480,8054,1,1,49.99,19.49
238,"2012-05-25 11:32:25",8519,8090,1,1,49.99,19.49
239,"2012-05-25 14:34:54",8543,8114,1,1,49.99,19.49
240,"2012-05-25 14:47:19",8546,8116,1,1,49.99,19.49
241,"2012-05-25 16:22:45",8569,8136,1,1,49.99,19.49
242,"2012-05-26 13:48:44",8642,8202,1,1,49.99,19.49
243,"2012-05-26 14:12:31",8643,8203,1,1,49.99,19.49
244,"2012-05-26 17:15:58",8656,8216,1,1,49.99,19.49
245,"2012-05-27 09:35:20",8694,8250,1,1,49.99,19.49
246,"2012-05-27 23:20:09",8738,8289,1,1,49.99,19.49
247,"2012-05-28 01:00:08",8748,8299,1,1,49.99,19.49
248,"2012-05-28 06:32:53",8766,8314,1,1,49.99,19.49
249,"2012-05-28 15:16:53",8810,8353,1,1,49.99,19.49
250,"2012-05-29 06:08:15",8874,8409,1,1,49.99,19.49
251,"2012-05-29 10:25:35",8903,8436,1,1,49.99,19.49
252,"2012-05-29 10:28:05",8905,8438,1,1,49.99,19.49
253,"2012-05-29 11:52:28",8921,8453,1,1,49.99,19.49
254,"2012-05-29 15:26:24",8953,8484,1,1,49.99,19.49
255,"2012-05-29 16:36:43",8963,8493,1,1,49.99,19.49
256,"2012-05-29 17:05:01",8971,8501,1,1,49.99,19.49
257,"2012-05-29 23:52:45",9020,8548,1,1,49.99,19.49
258,"2012-05-30 03:09:09",9032,8559,1,1,49.99,19.49
259,"2012-05-30 07:56:12",9042,8567,1,1,49.99,19.49
260,"2012-05-30 12:03:14",9073,8594,1,1,49.99,19.49
261,"2012-05-30 20:49:37",9166,8676,1,1,49.99,19.49
262,"2012-05-30 23:02:24",9176,8684,1,1,49.99,19.49
263,"2012-05-31 05:33:03",9193,8701,1,1,49.99,19.49
264,"2012-05-31 09:04:38",9216,8721,1,1,49.99,19.49
265,"2012-05-31 11:07:52",9240,7771,1,1,49.99,19.49
266,"2012-05-31 16:48:56",9294,8792,1,1,49.99,19.49
267,"2012-05-31 23:09:54",9342,8836,1,1,49.99,19.49
268,"2012-06-01 06:22:07",9363,8855,1,1,49.99,19.49
269,"2012-06-01 12:48:56",9412,8898,1,1,49.99,19.49
270,"2012-06-01 12:57:29",9413,8899,1,1,49.99,19.49
271,"2012-06-01 14:22:14",9428,8911,1,1,49.99,19.49
272,"2012-06-01 18:27:57",9460,8941,1,1,49.99,19.49
273,"2012-06-01 20:13:43",9467,8948,1,1,49.99,19.49
274,"2012-06-02 13:04:20",9514,8992,1,1,49.99,19.49
275,"2012-06-02 23:36:33",9547,9022,1,1,49.99,19.49
276,"2012-06-03 07:08:32",9562,9033,1,1,49.99,19.49
277,"2012-06-03 10:20:20",9568,9038,1,1,49.99,19.49
278,"2012-06-03 17:07:33",9590,4154,1,1,49.99,19.49
279,"2012-06-03 18:13:27",9592,9057,1,1,49.99,19.49
280,"2012-06-04 01:52:42",9617,9082,1,1,49.99,19.49
281,"2012-06-04 18:54:32",9735,9182,1,1,49.99,19.49
282,"2012-06-05 00:05:08",9765,9209,1,1,49.99,19.49
283,"2012-06-05 00:43:45",9769,9213,1,1,49.99,19.49
284,"2012-06-05 03:25:52",9779,9222,1,1,49.99,19.49
285,"2012-06-05 11:58:32",9819,9259,1,1,49.99,19.49
286,"2012-06-05 14:05:13",9849,9284,1,1,49.99,19.49
287,"2012-06-06 01:28:55",9915,9342,1,1,49.99,19.49
288,"2012-06-06 08:14:09",9932,9357,1,1,49.99,19.49
289,"2012-06-06 09:43:17",9942,9364,1,1,49.99,19.49
290,"2012-06-06 10:54:47",9954,9374,1,1,49.99,19.49
291,"2012-06-06 13:05:33",9989,9406,1,1,49.99,19.49
292,"2012-06-06 16:36:33",10020,9433,1,1,49.99,19.49
293,"2012-06-06 17:40:07",10033,9446,1,1,49.99,19.49
294,"2012-06-06 18:13:18",10041,9454,1,1,49.99,19.49
295,"2012-06-07 06:41:57",10105,9509,1,1,49.99,19.49
296,"2012-06-07 09:31:47",10122,9525,1,1,49.99,19.49
297,"2012-06-07 11:52:01",10151,9553,1,1,49.99,19.49
298,"2012-06-07 12:51:42",10167,9567,1,1,49.99,19.49
299,"2012-06-07 13:34:27",10177,9576,1,1,49.99,19.49
300,"2012-06-07 20:46:55",10244,9640,1,1,49.99,19.49
301,"2012-06-08 00:03:33",10265,9658,1,1,49.99,19.49
302,"2012-06-08 01:47:40",10269,6616,1,1,49.99,19.49
303,"2012-06-08 06:25:01",10277,9669,1,1,49.99,19.49
304,"2012-06-08 09:11:42",10291,9681,1,1,49.99,19.49
305,"2012-06-08 10:07:24",10300,9689,1,1,49.99,19.49
306,"2012-06-08 13:58:12",10335,9721,1,1,49.99,19.49
307,"2012-06-09 03:07:43",10411,9788,1,1,49.99,19.49
308,"2012-06-09 14:35:34",10442,9816,1,1,49.99,19.49
309,"2012-06-09 23:54:32",10468,9836,1,1,49.99,19.49
310,"2012-06-10 18:55:21",10517,9881,1,1,49.99,19.49
311,"2012-06-10 19:48:05",10518,9882,1,1,49.99,19.49
312,"2012-06-10 21:39:55",10526,3428,1,1,49.99,19.49
313,"2012-06-11 09:36:20",10575,9933,1,1,49.99,19.49
314,"2012-06-11 10:54:00",10591,7271,1,1,49.99,19.49
315,"2012-06-11 11:01:26",10600,9955,1,1,49.99,19.49
316,"2012-06-11 11:47:49",10605,9959,1,1,49.99,19.49
317,"2012-06-11 18:56:38",10674,3561,1,1,49.99,19.49
318,"2012-06-12 02:14:58",10719,10065,1,1,49.99,19.49
319,"2012-06-12 04:20:51",10721,10067,1,1,49.99,19.49
320,"2012-06-12 11:24:59",10752,10094,1,1,49.99,19.49
321,"2012-06-12 14:26:12",10787,10124,1,1,49.99,19.49
322,"2012-06-12 19:17:57",10837,10172,1,1,49.99,19.49
323,"2012-06-13 06:04:27",10886,10216,1,1,49.99,19.49
324,"2012-06-13 10:37:39",10918,10246,1,1,49.99,19.49
325,"2012-06-13 10:58:10",10922,10250,1,1,49.99,19.49
326,"2012-06-13 11:16:36",10927,10254,1,1,49.99,19.49
327,"2012-06-13 11:20:33",10926,10253,1,1,49.99,19.49
328,"2012-06-13 11:50:45",10937,10264,1,1,49.99,19.49
329,"2012-06-13 12:29:01",10946,10272,1,1,49.99,19.49
330,"2012-06-13 14:02:27",10971,8333,1,1,49.99,19.49
331,"2012-06-13 15:21:05",10985,10306,1,1,49.99,19.49
332,"2012-06-13 17:09:12",11007,7350,1,1,49.99,19.49
333,"2012-06-14 14:26:25",11154,10459,1,1,49.99,19.49
334,"2012-06-15 13:58:14",11322,3736,1,1,49.99,19.49
335,"2012-06-15 23:13:12",11386,10668,1,1,49.99,19.49
336,"2012-06-16 00:01:59",11389,10671,1,1,49.99,19.49
337,"2012-06-16 03:33:59",11397,10678,1,1,49.99,19.49
338,"2012-06-16 12:01:25",11418,10699,1,1,49.99,19.49
339,"2012-06-17 15:38:35",11502,10775,1,1,49.99,19.49
340,"2012-06-17 19:48:58",11520,10791,1,1,49.99,19.49
341,"2012-06-17 22:07:17",11530,10799,1,1,49.99,19.49
342,"2012-06-17 22:28:00",11531,10800,1,1,49.99,19.49
343,"2012-06-18 00:56:42",11543,10812,1,1,49.99,19.49
344,"2012-06-18 13:34:15",11616,10876,1,1,49.99,19.49
345,"2012-06-18 14:05:16",11618,10878,1,1,49.99,19.49
346,"2012-06-18 15:11:43",11629,10889,1,1,49.99,19.49
347,"2012-06-18 18:59:55",11657,10913,1,1,49.99,19.49
348,"2012-06-18 21:48:03",11670,10924,1,1,49.99,19.49
349,"2012-06-18 22:57:16",11677,10931,1,1,49.99,19.49
350,"2012-06-19 11:32:52",11729,10975,1,1,49.99,19.49
351,"2012-06-19 12:18:16",11739,10984,1,1,49.99,19.49
352,"2012-06-19 13:30:33",11756,10998,1,1,49.99,19.49
353,"2012-06-19 13:52:26",11762,11003,1,1,49.99,19.49
354,"2012-06-19 16:48:25",11801,10235,1,1,49.99,19.49
355,"2012-06-19 20:11:05",11835,11071,1,1,49.99,19.49
356,"2012-06-20 11:33:35",11917,11148,1,1,49.99,19.49
357,"2012-06-20 13:50:01",11946,11176,1,1,49.99,19.49
358,"2012-06-20 14:47:06",11957,11187,1,1,49.99,19.49
359,"2012-06-20 16:00:38",11971,11200,1,1,49.99,19.49
360,"2012-06-20 17:08:38",11985,11211,1,1,49.99,19.49
361,"2012-06-20 22:54:44",12028,11249,1,1,49.99,19.49
362,"2012-06-21 04:58:24",12047,11268,1,1,49.99,19.49
363,"2012-06-21 08:15:41",12065,11285,1,1,49.99,19.49
364,"2012-06-21 11:10:30",12086,11304,1,1,49.99,19.49
365,"2012-06-21 16:25:33",12141,11352,1,1,49.99,19.49
366,"2012-06-21 19:59:44",12168,11376,1,1,49.99,19.49
367,"2012-06-22 08:41:18",12216,2108,1,1,49.99,19.49
368,"2012-06-22 11:36:44",12243,11443,1,1,49.99,19.49
369,"2012-06-22 14:33:43",12284,11481,1,1,49.99,19.49
370,"2012-06-22 18:49:05",12321,9542,1,1,49.99,19.49
371,"2012-06-22 19:33:16",12329,11522,1,1,49.99,19.49
372,"2012-06-23 12:06:08",12388,8237,1,1,49.99,19.49
373,"2012-06-23 13:40:12",12394,11583,1,1,49.99,19.49
374,"2012-06-23 16:36:18",12408,11597,1,1,49.99,19.49
375,"2012-06-23 22:43:23",12424,11611,1,1,49.99,19.49
376,"2012-06-24 22:23:27",12478,11660,1,1,49.99,19.49
377,"2012-06-24 22:31:20",12479,11661,1,1,49.99,19.49
378,"2012-06-25 07:54:20",12509,11687,1,1,49.99,19.49
379,"2012-06-25 15:26:00",12568,11742,1,1,49.99,19.49
380,"2012-06-25 16:15:11",12579,11753,1,1,49.99,19.49
381,"2012-06-25 19:33:29",12604,11159,1,1,49.99,19.49
382,"2012-06-25 19:54:22",12605,11776,1,1,49.99,19.49
383,"2012-06-26 11:55:47",12672,5191,1,1,49.99,19.49
384,"2012-06-26 15:30:33",12699,11858,1,1,49.99,19.49
385,"2012-06-26 16:06:17",12708,11867,1,1,49.99,19.49
386,"2012-06-26 18:57:33",12738,11897,1,1,49.99,19.49
387,"2012-06-26 21:13:49",12760,3561,1,1,49.99,19.49
388,"2012-06-27 08:32:24",12807,11959,1,1,49.99,19.49
389,"2012-06-27 08:47:31",12809,9109,1,1,49.99,19.49
390,"2012-06-27 11:00:53",12831,6390,1,1,49.99,19.49
391,"2012-06-27 11:54:28",12837,11986,1,1,49.99,19.49
392,"2012-06-27 17:25:39",12912,12048,1,1,49.99,19.49
393,"2012-06-27 19:31:05",12927,12061,1,1,49.99,19.49
394,"2012-06-28 10:23:55",12988,12113,1,1,49.99,19.49
395,"2012-06-28 13:40:38",13016,12139,1,1,49.99,19.49
396,"2012-06-28 16:39:38",13046,12165,1,1,49.99,19.49
397,"2012-06-28 19:34:15",13073,12188,1,1,49.99,19.49
398,"2012-06-28 20:48:11",13081,10278,1,1,49.99,19.49
399,"2012-06-28 20:56:06",13083,12197,1,1,49.99,19.49
400,"2012-06-28 22:09:09",13089,12203,1,1,49.99,19.49
401,"2012-06-28 22:24:39",13093,12207,1,1,49.99,19.49
402,"2012-06-28 22:31:35",13094,3293,1,1,49.99,19.49
403,"2012-06-29 16:09:23",13194,12293,1,1,49.99,19.49
404,"2012-06-29 18:43:37",13221,12320,1,1,49.99,19.49
405,"2012-06-30 15:17:20",13285,12374,1,1,49.99,19.49
406,"2012-06-30 15:36:55",13287,12376,1,1,49.99,19.49
407,"2012-06-30 19:50:24",13297,6095,1,1,49.99,19.49
408,"2012-07-01 04:39:15",13319,12406,1,1,49.99,19.49
409,"2012-07-02 13:24:53",13460,12530,1,1,49.99,19.49
410,"2012-07-02 16:45:36",13494,12562,1,1,49.99,19.49
411,"2012-07-02 17:54:02",13510,12576,1,1,49.99,19.49
412,"2012-07-03 08:18:59",13571,12632,1,1,49.99,19.49
413,"2012-07-03 10:42:14",13591,12651,1,1,49.99,19.49
414,"2012-07-03 16:47:31",13663,12716,1,1,49.99,19.49
415,"2012-07-03 19:10:49",13694,7434,1,1,49.99,19.49
416,"2012-07-04 05:03:48",13726,12768,1,1,49.99,19.49
417,"2012-07-04 10:01:15",13745,12787,1,1,49.99,19.49
418,"2012-07-04 10:47:55",13752,12793,1,1,49.99,19.49
419,"2012-07-04 11:06:26",13754,6033,1,1,49.99,19.49
420,"2012-07-04 14:43:10",13782,12818,1,1,49.99,19.49
421,"2012-07-04 18:29:11",13812,12847,1,1,49.99,19.49
422,"2012-07-05 00:47:21",13843,12875,1,1,49.99,19.49
423,"2012-07-05 04:47:21",13857,12888,1,1,49.99,19.49
424,"2012-07-05 09:59:09",13880,12909,1,1,49.99,19.49
425,"2012-07-05 11:14:31",13891,12920,1,1,49.99,19.49
426,"2012-07-05 16:37:59",13949,12977,1,1,49.99,19.49
427,"2012-07-05 19:49:47",13975,13001,1,1,49.99,19.49
428,"2012-07-05 20:41:36",13981,13006,1,1,49.99,19.49
429,"2012-07-06 11:27:19",14062,13081,1,1,49.99,19.49
430,"2012-07-06 14:55:59",14098,11375,1,1,49.99,19.49
431,"2012-07-06 18:26:30",14124,13138,1,1,49.99,19.49
432,"2012-07-06 19:31:49",14129,13142,1,1,49.99,19.49
433,"2012-07-06 23:22:36",14147,13159,1,1,49.99,19.49
434,"2012-07-07 03:59:22",14157,13168,1,1,49.99,19.49
435,"2012-07-07 11:23:00",14170,13179,1,1,49.99,19.49
436,"2012-07-07 15:54:15",14186,13194,1,1,49.99,19.49
437,"2012-07-07 17:04:54",14195,13203,1,1,49.99,19.49
438,"2012-07-08 01:02:03",14205,13212,1,1,49.99,19.49
439,"2012-07-08 09:24:08",14219,13225,1,1,49.99,19.49
440,"2012-07-09 01:52:21",14289,13288,1,1,49.99,19.49
441,"2012-07-09 09:42:21",14307,13304,1,1,49.99,19.49
442,"2012-07-09 13:16:10",14346,13339,1,1,49.99,19.49
443,"2012-07-09 13:45:45",14357,13349,1,1,49.99,19.49
444,"2012-07-09 13:49:41",14354,13346,1,1,49.99,19.49
445,"2012-07-09 15:11:16",14377,13369,1,1,49.99,19.49
446,"2012-07-09 16:22:11",14383,13374,1,1,49.99,19.49
447,"2012-07-10 10:05:45",14460,13445,1,1,49.99,19.49
448,"2012-07-10 10:29:22",14462,13447,1,1,49.99,19.49
449,"2012-07-10 11:39:32",14476,13459,1,1,49.99,19.49
450,"2012-07-10 18:36:11",14550,13530,1,1,49.99,19.49
451,"2012-07-10 20:15:01",14564,13544,1,1,49.99,19.49
452,"2012-07-10 21:09:44",14567,7578,1,1,49.99,19.49
453,"2012-07-11 05:50:22",14604,10468,1,1,49.99,19.49
454,"2012-07-11 09:23:53",14623,13595,1,1,49.99,19.49
455,"2012-07-11 12:21:30",14657,13624,1,1,49.99,19.49
456,"2012-07-11 12:52:47",14663,13629,1,1,49.99,19.49
457,"2012-07-11 13:24:17",14671,13637,1,1,49.99,19.49
458,"2012-07-11 13:47:21",14678,13644,1,1,49.99,19.49
459,"2012-07-11 13:48:14",14679,13645,1,1,49.99,19.49
460,"2012-07-11 15:06:13",14688,13652,1,1,49.99,19.49
461,"2012-07-11 16:03:49",14698,13660,1,1,49.99,19.49
462,"2012-07-12 16:32:46",14865,13812,1,1,49.99,19.49
463,"2012-07-12 19:04:07",14889,13833,1,1,49.99,19.49
464,"2012-07-12 19:52:36",14895,13839,1,1,49.99,19.49
465,"2012-07-12 23:48:07",14918,13859,1,1,49.99,19.49
466,"2012-07-13 08:10:50",14943,13881,1,1,49.99,19.49
467,"2012-07-13 10:41:18",14960,13898,1,1,49.99,19.49
468,"2012-07-13 13:03:58",14979,13913,1,1,49.99,19.49
469,"2012-07-13 23:45:01",15051,9892,1,1,49.99,19.49
470,"2012-07-14 02:51:53",15056,7204,1,1,49.99,19.49
471,"2012-07-14 12:53:11",15094,7753,1,1,49.99,19.49
472,"2012-07-14 14:57:16",15102,14021,1,1,49.99,19.49
473,"2012-07-14 15:30:54",15103,14022,1,1,49.99,19.49
474,"2012-07-15 01:38:13",15134,14049,1,1,49.99,19.49
475,"2012-07-15 10:16:15",15153,14068,1,1,49.99,19.49
476,"2012-07-15 12:04:18",15156,14071,1,1,49.99,19.49
477,"2012-07-15 14:13:43",15173,14085,1,1,49.99,19.49
478,"2012-07-15 19:03:48",15188,14098,1,1,49.99,19.49
479,"2012-07-15 19:50:21",15194,14102,1,1,49.99,19.49
480,"2012-07-16 10:46:43",15263,14165,1,1,49.99,19.49
481,"2012-07-16 11:31:07",15269,6960,1,1,49.99,19.49
482,"2012-07-16 13:27:03",15292,14190,1,1,49.99,19.49
483,"2012-07-16 15:25:14",15313,9740,1,1,49.99,19.49
484,"2012-07-16 18:34:41",15339,14235,1,1,49.99,19.49
485,"2012-07-16 19:17:59",15343,14239,1,1,49.99,19.49
486,"2012-07-17 00:45:50",15366,14260,1,1,49.99,19.49
487,"2012-07-17 05:43:11",15375,14268,1,1,49.99,19.49
488,"2012-07-17 13:18:34",15440,14325,1,1,49.99,19.49
489,"2012-07-17 13:23:08",15444,14329,1,1,49.99,19.49
490,"2012-07-17 17:21:16",15490,14370,1,1,49.99,19.49
491,"2012-07-17 18:08:05",15503,14382,1,1,49.99,19.49
492,"2012-07-17 20:29:43",15527,14405,1,1,49.99,19.49
493,"2012-07-17 21:21:08",15534,13547,1,1,49.99,19.49
494,"2012-07-18 08:25:04",15570,14442,1,1,49.99,19.49
495,"2012-07-18 10:18:16",15584,14453,1,1,49.99,19.49
496,"2012-07-18 22:06:59",15711,14570,1,1,49.99,19.49
497,"2012-07-18 23:31:30",15716,8415,1,1,49.99,19.49
498,"2012-07-19 11:13:56",15776,14626,1,1,49.99,19.49
499,"2012-07-19 15:54:59",15819,14663,1,1,49.99,19.49
500,"2012-07-19 17:43:50",15845,11071,1,1,49.99,19.49
501,"2012-07-19 21:50:52",15872,14711,1,1,49.99,19.49
502,"2012-07-19 23:02:09",15883,14722,1,1,49.99,19.49
503,"2012-07-20 00:24:37",15891,14730,1,1,49.99,19.49
504,"2012-07-20 05:33:28",15903,14742,1,1,49.99,19.49
505,"2012-07-20 07:15:50",15907,14746,1,1,49.99,19.49
506,"2012-07-20 08:57:24",15918,14756,1,1,49.99,19.49
507,"2012-07-20 15:29:01",15984,14814,1,1,49.99,19.49
508,"2012-07-20 16:43:14",16003,14832,1,1,49.99,19.49
509,"2012-07-20 16:48:55",16002,14831,1,1,49.99,19.49
510,"2012-07-20 17:02:38",16005,14834,1,1,49.99,19.49
511,"2012-07-20 17:06:32",16004,14833,1,1,49.99,19.49
512,"2012-07-20 17:10:04",16007,14836,1,1,49.99,19.49
513,"2012-07-20 18:44:15",16025,14852,1,1,49.99,19.49
514,"2012-07-20 20:41:06",16037,7607,1,1,49.99,19.49
515,"2012-07-20 20:52:28",16038,14861,1,1,49.99,19.49
516,"2012-07-21 04:05:00",16061,4636,1,1,49.99,19.49
517,"2012-07-21 08:55:15",16069,14887,1,1,49.99,19.49
518,"2012-07-21 11:33:18",16076,9580,1,1,49.99,19.49
519,"2012-07-21 18:06:33",16099,14911,1,1,49.99,19.49
520,"2012-07-21 23:59:25",16115,14925,1,1,49.99,19.49
521,"2012-07-22 03:43:01",16121,14930,1,1,49.99,19.49
522,"2012-07-22 12:55:16",16145,14951,1,1,49.99,19.49
523,"2012-07-22 20:55:07",16172,13852,1,1,49.99,19.49
524,"2012-07-23 03:10:58",16190,8935,1,1,49.99,19.49
525,"2012-07-23 06:09:52",16200,13186,1,1,49.99,19.49
526,"2012-07-23 08:47:18",16214,15007,1,1,49.99,19.49
527,"2012-07-23 10:07:03",16230,15021,1,1,49.99,19.49
528,"2012-07-23 13:33:06",16273,15061,1,1,49.99,19.49
529,"2012-07-23 17:31:02",16308,15091,1,1,49.99,19.49
530,"2012-07-23 18:23:49",16320,15103,1,1,49.99,19.49
531,"2012-07-24 10:38:29",16405,11920,1,1,49.99,19.49
532,"2012-07-24 11:09:44",16412,15180,1,1,49.99,19.49
533,"2012-07-24 12:25:30",16421,15187,1,1,49.99,19.49
534,"2012-07-24 16:37:52",16462,15223,1,1,49.99,19.49
535,"2012-07-24 20:59:33",16505,15260,1,1,49.99,19.49
536,"2012-07-24 21:17:15",16507,15262,1,1,49.99,19.49
537,"2012-07-24 22:25:22",16509,15264,1,1,49.99,19.49
538,"2012-07-25 03:01:08",16519,15272,1,1,49.99,19.49
539,"2012-07-25 12:00:02",16581,15330,1,1,49.99,19.49
540,"2012-07-25 12:06:20",16587,15336,1,1,49.99,19.49
541,"2012-07-25 12:09:18",16586,15335,1,1,49.99,19.49
542,"2012-07-25 12:14:12",16589,15338,1,1,49.99,19.49
543,"2012-07-25 17:50:25",16641,15383,1,1,49.99,19.49
544,"2012-07-26 01:13:26",16689,15424,1,1,49.99,19.49
545,"2012-07-26 09:45:11",16721,11701,1,1,49.99,19.49
546,"2012-07-26 12:59:30",16751,15473,1,1,49.99,19.49
547,"2012-07-26 14:54:17",16768,15489,1,1,49.99,19.49
548,"2012-07-26 15:48:29",16779,15500,1,1,49.99,19.49
549,"2012-07-26 18:18:16",16807,15525,1,1,49.99,19.49
550,"2012-07-26 20:26:05",16825,15541,1,1,49.99,19.49
551,"2012-07-26 22:51:32",16839,15552,1,1,49.99,19.49
552,"2012-07-27 04:28:00",16852,15564,1,1,49.99,19.49
553,"2012-07-27 06:31:24",16859,15571,1,1,49.99,19.49
554,"2012-07-27 06:56:07",16862,15574,1,1,49.99,19.49
555,"2012-07-27 11:14:55",16897,15602,1,1,49.99,19.49
556,"2012-07-27 12:38:13",16912,15615,1,1,49.99,19.49
557,"2012-07-27 19:36:31",16971,15666,1,1,49.99,19.49
558,"2012-07-28 01:14:14",16993,10461,1,1,49.99,19.49
559,"2012-07-28 13:24:23",17033,15719,1,1,49.99,19.49
560,"2012-07-28 14:15:42",17038,12808,1,1,49.99,19.49
561,"2012-07-28 20:52:03",17061,15744,1,1,49.99,19.49
562,"2012-07-29 12:51:38",17096,15774,1,1,49.99,19.49
563,"2012-07-29 17:11:18",17120,15796,1,1,49.99,19.49
564,"2012-07-29 20:39:03",17129,15805,1,1,49.99,19.49
565,"2012-07-29 23:11:31",17141,15816,1,1,49.99,19.49
566,"2012-07-30 08:57:32",17192,15865,1,1,49.99,19.49
567,"2012-07-30 14:53:20",17274,15945,1,1,49.99,19.49
568,"2012-07-30 15:16:41",17276,15947,1,1,49.99,19.49
569,"2012-07-30 17:27:05",17298,15965,1,1,49.99,19.49
570,"2012-07-31 02:30:41",17370,16031,1,1,49.99,19.49
571,"2012-07-31 03:32:22",17376,16037,1,1,49.99,19.49
572,"2012-07-31 05:02:09",17381,10417,1,1,49.99,19.49
573,"2012-07-31 11:21:31",17421,16076,1,1,49.99,19.49
574,"2012-07-31 13:27:41",17451,16103,1,1,49.99,19.49
575,"2012-07-31 16:34:26",17503,16150,1,1,49.99,19.49
576,"2012-07-31 22:55:03",17553,16198,1,1,49.99,19.49
577,"2012-08-01 08:39:11",17593,13817,1,1,49.99,19.49
578,"2012-08-01 08:44:10",17594,16238,1,1,49.99,19.49
579,"2012-08-01 12:03:39",17642,16283,1,1,49.99,19.49
580,"2012-08-01 12:40:03",17656,16295,1,1,49.99,19.49
581,"2012-08-01 12:42:29",17657,16296,1,1,49.99,19.49
582,"2012-08-01 13:49:30",17670,16308,1,1,49.99,19.49
583,"2012-08-01 15:27:35",17694,16328,1,1,49.99,19.49
584,"2012-08-01 15:43:39",17702,8805,1,1,49.99,19.49
585,"2012-08-01 18:03:07",17729,16361,1,1,49.99,19.49
586,"2012-08-01 21:09:03",17760,16391,1,1,49.99,19.49
587,"2012-08-02 01:58:58",17780,16410,1,1,49.99,19.49
588,"2012-08-02 02:04:06",17781,16411,1,1,49.99,19.49
589,"2012-08-02 08:47:40",17802,16429,1,1,49.99,19.49
590,"2012-08-02 08:51:55",17801,16428,1,1,49.99,19.49
591,"2012-08-02 09:04:40",17803,16430,1,1,49.99,19.49
592,"2012-08-02 10:19:15",17815,16442,1,1,49.99,19.49
593,"2012-08-02 11:39:01",17829,16453,1,1,49.99,19.49
594,"2012-08-02 13:14:31",17851,14185,1,1,49.99,19.49
595,"2012-08-02 13:33:45",17860,16480,1,1,49.99,19.49
596,"2012-08-02 13:44:42",17863,16482,1,1,49.99,19.49
597,"2012-08-02 13:56:20",17868,16487,1,1,49.99,19.49
598,"2012-08-02 16:32:03",17903,16518,1,1,49.99,19.49
599,"2012-08-02 17:20:57",17912,16526,1,1,49.99,19.49
600,"2012-08-02 17:54:09",17918,16532,1,1,49.99,19.49
601,"2012-08-02 18:28:21",17926,6576,1,1,49.99,19.49
602,"2012-08-02 22:52:26",17964,16571,1,1,49.99,19.49
603,"2012-08-03 00:26:06",17973,16578,1,1,49.99,19.49
604,"2012-08-03 10:05:00",18021,16625,1,1,49.99,19.49
605,"2012-08-03 10:15:53",18025,16629,1,1,49.99,19.49
606,"2012-08-03 10:32:05",18029,12792,1,1,49.99,19.49
607,"2012-08-03 11:44:39",18058,16658,1,1,49.99,19.49
608,"2012-08-03 12:02:06",18059,16659,1,1,49.99,19.49
609,"2012-08-03 12:36:47",18066,16665,1,1,49.99,19.49
610,"2012-08-03 13:15:11",18078,16675,1,1,49.99,19.49
611,"2012-08-03 14:41:20",18096,16693,1,1,49.99,19.49
612,"2012-08-03 18:22:47",18124,16717,1,1,49.99,19.49
613,"2012-08-03 23:10:27",18145,5397,1,1,49.99,19.49
614,"2012-08-04 02:05:48",18154,16746,1,1,49.99,19.49
615,"2012-08-04 06:56:21",18170,16759,1,1,49.99,19.49
616,"2012-08-04 23:18:06",18238,16822,1,1,49.99,19.49
617,"2012-08-05 13:21:34",18290,16872,1,1,49.99,19.49
618,"2012-08-05 15:53:02",18295,16877,1,1,49.99,19.49
619,"2012-08-05 19:04:14",18305,16887,1,1,49.99,19.49
620,"2012-08-06 05:00:42",18351,16931,1,1,49.99,19.49
621,"2012-08-06 08:03:53",18365,16945,1,1,49.99,19.49
622,"2012-08-06 09:51:16",18376,16955,1,1,49.99,19.49
623,"2012-08-06 12:18:50",18413,16986,1,1,49.99,19.49
624,"2012-08-06 12:22:26",18420,16991,1,1,49.99,19.49
625,"2012-08-06 14:05:41",18439,17009,1,1,49.99,19.49
626,"2012-08-06 16:25:07",18467,17035,1,1,49.99,19.49
627,"2012-08-06 17:18:57",18478,17045,1,1,49.99,19.49
628,"2012-08-07 12:47:53",18627,17183,1,1,49.99,19.49
629,"2012-08-07 14:01:50",18643,17197,1,1,49.99,19.49
630,"2012-08-07 14:37:19",18655,17208,1,1,49.99,19.49
631,"2012-08-07 15:51:04",18662,10606,1,1,49.99,19.49
632,"2012-08-07 17:29:47",18687,17237,1,1,49.99,19.49
633,"2012-08-07 22:07:11",18729,17277,1,1,49.99,19.49
634,"2012-08-08 10:51:17",18800,17342,1,1,49.99,19.49
635,"2012-08-08 13:56:51",18843,17380,1,1,49.99,19.49
636,"2012-08-08 15:13:33",18867,17403,1,1,49.99,19.49
637,"2012-08-08 15:29:41",18872,17407,1,1,49.99,19.49
638,"2012-08-08 16:15:40",18884,17419,1,1,49.99,19.49
639,"2012-08-08 16:46:40",18891,17425,1,1,49.99,19.49
640,"2012-08-08 17:50:37",18909,17443,1,1,49.99,19.49
641,"2012-08-08 20:02:27",18941,17470,1,1,49.99,19.49
642,"2012-08-08 22:04:01",18956,17484,1,1,49.99,19.49
643,"2012-08-08 22:17:02",18961,17489,1,1,49.99,19.49
644,"2012-08-09 00:06:07",18975,17501,1,1,49.99,19.49
645,"2012-08-09 00:30:50",18977,17503,1,1,49.99,19.49
646,"2012-08-09 01:08:23",18983,17509,1,1,49.99,19.49
647,"2012-08-09 10:24:11",19037,17558,1,1,49.99,19.49
648,"2012-08-09 10:26:58",19038,17559,1,1,49.99,19.49
649,"2012-08-09 10:38:08",19039,17560,1,1,49.99,19.49
650,"2012-08-09 11:35:51",19053,17572,1,1,49.99,19.49
651,"2012-08-09 12:39:06",19068,17585,1,1,49.99,19.49
652,"2012-08-09 13:40:02",19086,17602,1,1,49.99,19.49
653,"2012-08-09 14:12:07",19091,17607,1,1,49.99,19.49
654,"2012-08-09 14:31:22",19101,17615,1,1,49.99,19.49
655,"2012-08-09 17:55:25",19149,17662,1,1,49.99,19.49
656,"2012-08-09 21:08:08",19175,17685,1,1,49.99,19.49
657,"2012-08-10 13:23:33",19306,17805,1,1,49.99,19.49
658,"2012-08-10 14:24:05",19315,17813,1,1,49.99,19.49
659,"2012-08-10 15:53:46",19330,17828,1,1,49.99,19.49
660,"2012-08-10 18:53:23",19359,17855,1,1,49.99,19.49
661,"2012-08-10 21:15:48",19375,17870,1,1,49.99,19.49
662,"2012-08-11 07:37:15",19406,17899,1,1,49.99,19.49
663,"2012-08-11 14:26:47",19432,17923,1,1,49.99,19.49
664,"2012-08-11 15:15:47",19442,17932,1,1,49.99,19.49
665,"2012-08-12 01:05:31",19478,17963,1,1,49.99,19.49
666,"2012-08-12 21:26:03",19551,18025,1,1,49.99,19.49
667,"2012-08-12 22:16:34",19560,18034,1,1,49.99,19.49
668,"2012-08-12 22:26:16",19561,18035,1,1,49.99,19.49
669,"2012-08-13 00:07:26",19570,18044,1,1,49.99,19.49
670,"2012-08-13 00:56:14",19578,18051,1,1,49.99,19.49
671,"2012-08-13 08:38:36",19607,18076,1,1,49.99,19.49
672,"2012-08-13 13:46:08",19665,14955,1,1,49.99,19.49
673,"2012-08-13 15:55:35",19686,13890,1,1,49.99,19.49
674,"2012-08-13 16:41:04",19695,18154,1,1,49.99,19.49
675,"2012-08-13 18:16:05",19722,18177,1,1,49.99,19.49
676,"2012-08-13 18:19:51",19721,12730,1,1,49.99,19.49
677,"2012-08-13 19:47:48",19737,18191,1,1,49.99,19.49
678,"2012-08-13 22:20:53",19759,11905,1,1,49.99,19.49
679,"2012-08-14 06:06:08",19784,18233,1,1,49.99,19.49
680,"2012-08-14 08:47:34",19801,18247,1,1,49.99,19.49
681,"2012-08-14 12:00:39",19841,18286,1,1,49.99,19.49
682,"2012-08-14 12:51:04",19850,18294,1,1,49.99,19.49
683,"2012-08-14 13:35:56",19856,18299,1,1,49.99,19.49
684,"2012-08-14 14:08:03",19862,18305,1,1,49.99,19.49
685,"2012-08-14 17:05:49",19900,18340,1,1,49.99,19.49
686,"2012-08-14 19:20:00",19920,18358,1,1,49.99,19.49
687,"2012-08-14 21:42:38",19945,18380,1,1,49.99,19.49
688,"2012-08-15 07:28:33",19987,18418,1,1,49.99,19.49
689,"2012-08-15 11:24:40",20019,18444,1,1,49.99,19.49
690,"2012-08-15 18:53:08",20129,18537,1,1,49.99,19.49
691,"2012-08-15 20:17:39",20142,18547,1,1,49.99,19.49
692,"2012-08-16 02:32:42",20180,18582,1,1,49.99,19.49
693,"2012-08-16 14:33:56",20280,14553,1,1,49.99,19.49
694,"2012-08-16 15:21:11",20289,18677,1,1,49.99,19.49
695,"2012-08-16 21:25:35",20354,18734,1,1,49.99,19.49
696,"2012-08-16 22:09:31",20362,16884,1,1,49.99,19.49
697,"2012-08-16 22:21:07",20363,18742,1,1,49.99,19.49
698,"2012-08-16 22:39:48",20364,18743,1,1,49.99,19.49
699,"2012-08-17 15:27:46",20492,18858,1,1,49.99,19.49
700,"2012-08-17 21:37:25",20551,16799,1,1,49.99,19.49
701,"2012-08-18 09:17:52",20583,18934,1,1,49.99,19.49
702,"2012-08-18 11:06:51",20595,18943,1,1,49.99,19.49
703,"2012-08-18 22:53:48",20652,18996,1,1,49.99,19.49
704,"2012-08-19 15:28:21",20708,19049,1,1,49.99,19.49
705,"2012-08-19 17:47:09",20729,19068,1,1,49.99,19.49
706,"2012-08-19 19:50:19",20740,19079,1,1,49.99,19.49
707,"2012-08-20 00:04:43",20773,19108,1,1,49.99,19.49
708,"2012-08-20 08:01:50",20809,19141,1,1,49.99,19.49
709,"2012-08-20 10:06:24",20830,19161,1,1,49.99,19.49
710,"2012-08-20 10:50:33",20840,12024,1,1,49.99,19.49
711,"2012-08-20 11:00:34",20845,19175,1,1,49.99,19.49
712,"2012-08-20 11:34:59",20857,19187,1,1,49.99,19.49
713,"2012-08-20 11:57:56",20867,19197,1,1,49.99,19.49
714,"2012-08-20 12:45:03",20882,19211,1,1,49.99,19.49
715,"2012-08-20 14:50:25",20926,17569,1,1,49.99,19.49
716,"2012-08-20 15:01:23",20932,19255,1,1,49.99,19.49
717,"2012-08-20 15:16:35",20936,19259,1,1,49.99,19.49
718,"2012-08-20 18:11:58",20982,19300,1,1,49.99,19.49
719,"2012-08-20 18:50:17",20991,19309,1,1,49.99,19.49
720,"2012-08-21 08:31:19",21087,19394,1,1,49.99,19.49
721,"2012-08-21 12:52:13",21146,19447,1,1,49.99,19.49
722,"2012-08-21 12:56:07",21151,19452,1,1,49.99,19.49
723,"2012-08-21 13:12:31",21159,19460,1,1,49.99,19.49
724,"2012-08-21 13:13:28",21152,19453,1,1,49.99,19.49
725,"2012-08-21 14:35:50",21181,19479,1,1,49.99,19.49
726,"2012-08-21 18:48:13",21248,19541,1,1,49.99,19.49
727,"2012-08-21 19:46:47",21259,19552,1,1,49.99,19.49
728,"2012-08-21 21:16:37",21279,19572,1,1,49.99,19.49
729,"2012-08-22 05:43:35",21331,19621,1,1,49.99,19.49
730,"2012-08-22 10:54:27",21377,19666,1,1,49.99,19.49
731,"2012-08-22 12:39:35",21414,19702,1,1,49.99,19.49
732,"2012-08-22 13:43:49",21434,19721,1,1,49.99,19.49
733,"2012-08-22 16:29:25",21475,19761,1,1,49.99,19.49
734,"2012-08-22 17:53:01",21506,19788,1,1,49.99,19.49
735,"2012-08-22 18:21:57",21514,19795,1,1,49.99,19.49
736,"2012-08-22 23:35:34",21569,19849,1,1,49.99,19.49
737,"2012-08-23 04:43:22",21597,19874,1,1,49.99,19.49
738,"2012-08-23 12:19:53",21685,19959,1,1,49.99,19.49
739,"2012-08-23 13:16:18",21704,19978,1,1,49.99,19.49
740,"2012-08-23 14:11:29",21717,19991,1,1,49.99,19.49
741,"2012-08-23 16:15:19",21756,20025,1,1,49.99,19.49
742,"2012-08-23 16:16:38",21757,20026,1,1,49.99,19.49
743,"2012-08-23 16:35:55",21767,20034,1,1,49.99,19.49
744,"2012-08-23 18:03:16",21791,20057,1,1,49.99,19.49
745,"2012-08-23 19:24:15",21807,7966,1,1,49.99,19.49
746,"2012-08-23 19:47:50",21812,20074,1,1,49.99,19.49
747,"2012-08-24 10:59:45",21908,20162,1,1,49.99,19.49
748,"2012-08-24 11:11:14",21910,20164,1,1,49.99,19.49
749,"2012-08-24 11:49:23",21922,20173,1,1,49.99,19.49
750,"2012-08-24 12:27:07",21930,20181,1,1,49.99,19.49
751,"2012-08-24 13:08:47",21948,16442,1,1,49.99,19.49
752,"2012-08-24 13:12:09",21954,20204,1,1,49.99,19.49
753,"2012-08-24 16:54:24",22003,20248,1,1,49.99,19.49
754,"2012-08-24 16:57:30",22000,20245,1,1,49.99,19.49
755,"2012-08-24 18:36:07",22025,20269,1,1,49.99,19.49
756,"2012-08-24 19:02:15",22028,20271,1,1,49.99,19.49
757,"2012-08-25 13:17:26",22127,20361,1,1,49.99,19.49
758,"2012-08-25 21:58:56",22172,20402,1,1,49.99,19.49
759,"2012-08-26 13:45:57",22242,20465,1,1,49.99,19.49
760,"2012-08-26 14:52:41",22249,20472,1,1,49.99,19.49
761,"2012-08-26 14:59:16",22247,20470,1,1,49.99,19.49
762,"2012-08-26 19:09:43",22272,20493,1,1,49.99,19.49
763,"2012-08-26 19:14:57",22274,20495,1,1,49.99,19.49
764,"2012-08-27 00:57:50",22318,20535,1,1,49.99,19.49
765,"2012-08-27 01:04:07",22319,20536,1,1,49.99,19.49
766,"2012-08-27 10:41:02",22397,20603,1,1,49.99,19.49
767,"2012-08-27 11:40:25",22416,20621,1,1,49.99,19.49
768,"2012-08-27 12:05:19",22423,20628,1,1,49.99,19.49
769,"2012-08-27 15:03:55",22475,20672,1,1,49.99,19.49
770,"2012-08-27 17:33:06",22514,20709,1,1,49.99,19.49
771,"2012-08-28 00:12:14",22589,12526,1,1,49.99,19.49
772,"2012-08-28 06:19:43",22614,20801,1,1,49.99,19.49
773,"2012-08-28 09:32:22",22638,20824,1,1,49.99,19.49
774,"2012-08-28 13:27:46",22703,20886,1,1,49.99,19.49
775,"2012-08-28 14:49:40",22727,20909,1,1,49.99,19.49
776,"2012-08-28 16:12:31",22760,20941,1,1,49.99,19.49
777,"2012-08-28 18:01:45",22791,20970,1,1,49.99,19.49
778,"2012-08-28 18:42:21",22798,20977,1,1,49.99,19.49
779,"2012-08-28 18:45:25",22801,13776,1,1,49.99,19.49
780,"2012-08-28 21:36:40",22834,21009,1,1,49.99,19.49
781,"2012-08-28 21:52:47",22839,21014,1,1,49.99,19.49
782,"2012-08-29 02:38:05",22875,21048,1,1,49.99,19.49
783,"2012-08-29 07:49:36",22907,8355,1,1,49.99,19.49
784,"2012-08-29 09:30:50",22926,21097,1,1,49.99,19.49
785,"2012-08-29 10:08:39",22942,21113,1,1,49.99,19.49
786,"2012-08-29 13:08:59",23003,21167,1,1,49.99,19.49
787,"2012-08-29 15:13:28",23043,21201,1,1,49.99,19.49
788,"2012-08-29 16:37:41",23066,21224,1,1,49.99,19.49
789,"2012-08-29 17:21:09",23077,21233,1,1,49.99,19.49
790,"2012-08-29 18:57:10",23100,21256,1,1,49.99,19.49
791,"2012-08-29 21:26:32",23135,21290,1,1,49.99,19.49
792,"2012-08-30 03:56:59",23186,21339,1,1,49.99,19.49
793,"2012-08-30 10:36:14",23239,16426,1,1,49.99,19.49
794,"2012-08-30 11:12:49",23256,21399,1,1,49.99,19.49
795,"2012-08-30 14:26:05",23309,21447,1,1,49.99,19.49
796,"2012-08-30 14:56:12",23323,21460,1,1,49.99,19.49
797,"2012-08-30 16:44:35",23353,21488,1,1,49.99,19.49
798,"2012-08-30 16:55:49",23357,21492,1,1,49.99,19.49
799,"2012-08-30 16:59:18",23358,21493,1,1,49.99,19.49
800,"2012-08-30 17:48:10",23368,21502,1,1,49.99,19.49
801,"2012-08-30 21:00:35",23399,21530,1,1,49.99,19.49
802,"2012-08-31 06:26:18",23460,15152,1,1,49.99,19.49
803,"2012-08-31 11:57:46",23526,21646,1,1,49.99,19.49
804,"2012-08-31 21:14:56",23648,21760,1,1,49.99,19.49
805,"2012-09-01 13:07:47",23710,16060,1,1,49.99,19.49
806,"2012-09-01 13:15:01",23712,21814,1,1,49.99,19.49
807,"2012-09-01 16:18:27",23733,21833,1,1,49.99,19.49
808,"2012-09-01 16:59:10",23739,21839,1,1,49.99,19.49
809,"2012-09-01 20:13:39",23754,21853,1,1,49.99,19.49
810,"2012-09-01 21:59:10",23763,21862,1,1,49.99,19.49
811,"2012-09-02 23:36:09",23876,21964,1,1,49.99,19.49
812,"2012-09-03 14:05:11",23972,12775,1,1,49.99,19.49
813,"2012-09-03 14:10:41",23971,22045,1,1,49.99,19.49
814,"2012-09-03 14:55:56",23981,22053,1,1,49.99,19.49
815,"2012-09-03 15:51:27",23997,22067,1,1,49.99,19.49
816,"2012-09-03 16:28:29",24004,22074,1,1,49.99,19.49
817,"2012-09-03 17:17:26",24011,22080,1,1,49.99,19.49
818,"2012-09-03 18:09:54",24019,22087,1,1,49.99,19.49
819,"2012-09-04 08:08:59",24102,22161,1,1,49.99,19.49
820,"2012-09-04 10:10:10",24120,22179,1,1,49.99,19.49
821,"2012-09-04 10:15:24",24121,22180,1,1,49.99,19.49
822,"2012-09-04 12:06:19",24151,22207,1,1,49.99,19.49
823,"2012-09-04 14:09:10",24177,22228,1,1,49.99,19.49
824,"2012-09-04 14:20:43",24180,22230,1,1,49.99,19.49
825,"2012-09-04 14:46:33",24189,22238,1,1,49.99,19.49
826,"2012-09-04 18:10:59",24237,14691,1,1,49.99,19.49
827,"2012-09-04 21:51:10",24276,22319,1,1,49.99,19.49
828,"2012-09-04 22:52:04",24284,22327,1,1,49.99,19.49
829,"2012-09-04 23:33:29",24291,22333,1,1,49.99,19.49
830,"2012-09-04 23:56:41",24294,22336,1,1,49.99,19.49
831,"2012-09-05 06:58:23",24320,22360,1,1,49.99,19.49
832,"2012-09-05 07:15:18",24323,22363,1,1,49.99,19.49
833,"2012-09-05 13:12:47",24421,22453,1,1,49.99,19.49
834,"2012-09-05 13:28:43",24430,22461,1,1,49.99,19.49
835,"2012-09-05 15:21:23",24464,22491,1,1,49.99,19.49
836,"2012-09-05 15:24:03",24465,22492,1,1,49.99,19.49
837,"2012-09-05 15:28:31",24466,22493,1,1,49.99,19.49
838,"2012-09-05 18:00:25",24516,12414,1,1,49.99,19.49
839,"2012-09-05 19:05:53",24532,22553,1,1,49.99,19.49
840,"2012-09-05 19:23:29",24535,22555,1,1,49.99,19.49
841,"2012-09-06 02:19:20",24593,22606,1,1,49.99,19.49
842,"2012-09-06 03:22:44",24603,22614,1,1,49.99,19.49
843,"2012-09-06 03:55:12",24605,22616,1,1,49.99,19.49
844,"2012-09-06 13:31:11",24690,22694,1,1,49.99,19.49
845,"2012-09-06 14:35:48",24711,22714,1,1,49.99,19.49
846,"2012-09-06 15:26:37",24730,22730,1,1,49.99,19.49
847,"2012-09-06 17:21:50",24760,22759,1,1,49.99,19.49
848,"2012-09-06 17:48:43",24766,22764,1,1,49.99,19.49
849,"2012-09-06 19:57:16",24794,22790,1,1,49.99,19.49
850,"2012-09-06 21:11:36",24809,16687,1,1,49.99,19.49
851,"2012-09-06 21:14:43",24810,19279,1,1,49.99,19.49
852,"2012-09-06 21:24:26",24814,22805,1,1,49.99,19.49
853,"2012-09-07 05:03:00",24854,22837,1,1,49.99,19.49
854,"2012-09-07 09:31:35",24890,22873,1,1,49.99,19.49
855,"2012-09-07 12:09:34",24940,22917,1,1,49.99,19.49
856,"2012-09-07 12:12:54",24939,22916,1,1,49.99,19.49
857,"2012-09-07 14:23:35",24976,22950,1,1,49.99,19.49
858,"2012-09-07 17:48:42",25037,23008,1,1,49.99,19.49
859,"2012-09-07 21:45:10",25060,23027,1,1,49.99,19.49
860,"2012-09-07 21:51:57",25062,23029,1,1,49.99,19.49
861,"2012-09-07 22:59:36",25068,23035,1,1,49.99,19.49
862,"2012-09-08 15:49:39",25137,21104,1,1,49.99,19.49
863,"2012-09-08 17:58:04",25151,16534,1,1,49.99,19.49
864,"2012-09-08 18:19:22",25155,23113,1,1,49.99,19.49
865,"2012-09-08 19:49:52",25159,23116,1,1,49.99,19.49
866,"2012-09-08 20:43:56",25164,23121,1,1,49.99,19.49
867,"2012-09-09 10:24:33",25230,23183,1,1,49.99,19.49
868,"2012-09-09 13:03:20",25241,14057,1,1,49.99,19.49
869,"2012-09-09 18:31:22",25278,23223,1,1,49.99,19.49
870,"2012-09-09 21:53:14",25306,23251,1,1,49.99,19.49
871,"2012-09-10 00:17:39",25325,23266,1,1,49.99,19.49
872,"2012-09-10 05:44:53",25343,23284,1,1,49.99,19.49
873,"2012-09-10 08:01:41",25353,23291,1,1,49.99,19.49
874,"2012-09-10 08:41:10",25358,23064,1,1,49.99,19.49
875,"2012-09-10 09:29:30",25368,23305,1,1,49.99,19.49
876,"2012-09-10 11:24:00",25393,23327,1,1,49.99,19.49
877,"2012-09-10 12:26:55",25411,23343,1,1,49.99,19.49
878,"2012-09-10 15:10:04",25454,7473,1,1,49.99,19.49
879,"2012-09-10 18:29:05",25508,23426,1,1,49.99,19.49
880,"2012-09-10 19:16:09",25516,23433,1,1,49.99,19.49
881,"2012-09-10 22:06:57",25539,23452,1,1,49.99,19.49
882,"2012-09-11 00:35:41",25565,21689,1,1,49.99,19.49
883,"2012-09-11 06:45:19",25601,13329,1,1,49.99,19.49
884,"2012-09-11 10:17:59",25639,23540,1,1,49.99,19.49
885,"2012-09-11 10:56:22",25646,23546,1,1,49.99,19.49
886,"2012-09-11 12:17:59",25664,23562,1,1,49.99,19.49
887,"2012-09-11 13:45:24",25691,23587,1,1,49.99,19.49
888,"2012-09-11 15:35:17",25719,23613,1,1,49.99,19.49
889,"2012-09-11 19:18:46",25773,23663,1,1,49.99,19.49
890,"2012-09-11 22:42:01",25802,20876,1,1,49.99,19.49
891,"2012-09-12 00:52:15",25814,23698,1,1,49.99,19.49
892,"2012-09-12 01:35:19",25816,23700,1,1,49.99,19.49
893,"2012-09-12 03:07:49",25826,23710,1,1,49.99,19.49
894,"2012-09-12 07:49:58",25848,23731,1,1,49.99,19.49
895,"2012-09-12 09:03:25",25860,23742,1,1,49.99,19.49
896,"2012-09-12 10:07:11",25874,23754,1,1,49.99,19.49
897,"2012-09-12 10:47:29",25880,17179,1,1,49.99,19.49
898,"2012-09-12 12:25:50",25907,23782,1,1,49.99,19.49
899,"2012-09-12 13:06:27",25918,23793,1,1,49.99,19.49
900,"2012-09-12 16:56:14",25979,23851,1,1,49.99,19.49
901,"2012-09-12 19:38:47",26021,23891,1,1,49.99,19.49
902,"2012-09-12 20:07:51",26024,17194,1,1,49.99,19.49
903,"2012-09-12 22:59:22",26048,23915,1,1,49.99,19.49
904,"2012-09-13 05:47:46",26092,17221,1,1,49.99,19.49
905,"2012-09-13 06:26:24",26093,16542,1,1,49.99,19.49
906,"2012-09-13 07:35:22",26105,23966,1,1,49.99,19.49
907,"2012-09-13 08:43:08",26114,23972,1,1,49.99,19.49
908,"2012-09-13 08:54:42",26120,23978,1,1,49.99,19.49
909,"2012-09-13 09:20:53",26127,23984,1,1,49.99,19.49
910,"2012-09-13 10:07:59",26136,23993,1,1,49.99,19.49
911,"2012-09-13 12:05:56",26175,24029,1,1,49.99,19.49
912,"2012-09-13 13:03:44",26196,24049,1,1,49.99,19.49
913,"2012-09-13 14:43:05",26222,24071,1,1,49.99,19.49
914,"2012-09-13 15:20:29",26230,24078,1,1,49.99,19.49
915,"2012-09-13 15:36:35",26234,24081,1,1,49.99,19.49
916,"2012-09-13 15:56:30",26242,24088,1,1,49.99,19.49
917,"2012-09-13 15:59:27",26243,21657,1,1,49.99,19.49
918,"2012-09-13 17:43:17",26272,24116,1,1,49.99,19.49
919,"2012-09-13 18:13:27",26277,24121,1,1,49.99,19.49
920,"2012-09-13 18:50:41",26285,24128,1,1,49.99,19.49
921,"2012-09-13 18:56:22",26289,24132,1,1,49.99,19.49
922,"2012-09-13 21:59:17",26318,24159,1,1,49.99,19.49
923,"2012-09-14 10:27:39",26400,16149,1,1,49.99,19.49
924,"2012-09-14 11:58:49",26423,24252,1,1,49.99,19.49
925,"2012-09-14 13:25:18",26442,11917,1,1,49.99,19.49
926,"2012-09-14 13:55:04",26448,24273,1,1,49.99,19.49
927,"2012-09-14 15:20:41",26470,24295,1,1,49.99,19.49
928,"2012-09-14 16:03:40",26482,24305,1,1,49.99,19.49
929,"2012-09-14 19:21:46",26529,24350,1,1,49.99,19.49
930,"2012-09-14 20:43:30",26540,24361,1,1,49.99,19.49
931,"2012-09-14 22:11:08",26550,24371,1,1,49.99,19.49
932,"2012-09-15 03:58:42",26575,24393,1,1,49.99,19.49
933,"2012-09-15 08:14:28",26588,24406,1,1,49.99,19.49
934,"2012-09-15 13:27:05",26618,24435,1,1,49.99,19.49
935,"2012-09-15 20:21:40",26666,13154,1,1,49.99,19.49
936,"2012-09-15 20:58:49",26669,24480,1,1,49.99,19.49
937,"2012-09-15 21:43:09",26671,24482,1,1,49.99,19.49
938,"2012-09-15 23:48:12",26676,24487,1,1,49.99,19.49
939,"2012-09-16 11:29:56",26714,24523,1,1,49.99,19.49
940,"2012-09-16 12:57:22",26722,24530,1,1,49.99,19.49
941,"2012-09-16 19:44:05",26764,24567,1,1,49.99,19.49
942,"2012-09-16 20:50:15",26777,24579,1,1,49.99,19.49
943,"2012-09-17 02:04:14",26821,24621,1,1,49.99,19.49
944,"2012-09-17 10:05:12",26886,24679,1,1,49.99,19.49
945,"2012-09-17 10:20:38",26891,24683,1,1,49.99,19.49
946,"2012-09-17 12:51:26",26931,24718,1,1,49.99,19.49
947,"2012-09-17 13:13:56",26941,24728,1,1,49.99,19.49
948,"2012-09-17 15:07:57",26984,24765,1,1,49.99,19.49
949,"2012-09-17 15:26:08",26989,24769,1,1,49.99,19.49
950,"2012-09-17 17:49:53",27040,20960,1,1,49.99,19.49
951,"2012-09-18 00:07:55",27117,24888,1,1,49.99,19.49
952,"2012-09-18 06:14:38",27155,24924,1,1,49.99,19.49
953,"2012-09-18 09:07:36",27166,24934,1,1,49.99,19.49
954,"2012-09-18 11:02:52",27189,24956,1,1,49.99,19.49
955,"2012-09-18 12:48:20",27226,22370,1,1,49.99,19.49
956,"2012-09-18 14:13:27",27253,25015,1,1,49.99,19.49
957,"2012-09-18 15:20:51",27286,25044,1,1,49.99,19.49
958,"2012-09-18 19:24:01",27361,25108,1,1,49.99,19.49
959,"2012-09-18 20:21:06",27374,25119,1,1,49.99,19.49
960,"2012-09-18 21:17:57",27384,25129,1,1,49.99,19.49
961,"2012-09-18 21:32:39",27391,25135,1,1,49.99,19.49
962,"2012-09-19 00:13:54",27420,25163,1,1,49.99,19.49
963,"2012-09-19 00:20:44",27421,25164,1,1,49.99,19.49
964,"2012-09-19 00:44:08",27423,25166,1,1,49.99,19.49
965,"2012-09-19 08:37:14",27472,25214,1,1,49.99,19.49
966,"2012-09-19 08:58:26",27477,25219,1,1,49.99,19.49
967,"2012-09-19 09:23:42",27485,25227,1,1,49.99,19.49
968,"2012-09-19 10:09:10",27493,25235,1,1,49.99,19.49
969,"2012-09-19 10:14:53",27496,25237,1,1,49.99,19.49
970,"2012-09-19 10:24:38",27503,25244,1,1,49.99,19.49
971,"2012-09-19 11:08:41",27516,25255,1,1,49.99,19.49
972,"2012-09-19 11:18:26",27521,25260,1,1,49.99,19.49
973,"2012-09-19 11:28:11",27527,25265,1,1,49.99,19.49
974,"2012-09-19 12:13:43",27546,25280,1,1,49.99,19.49
975,"2012-09-19 13:40:38",27575,25309,1,1,49.99,19.49
976,"2012-09-19 15:09:01",27604,25334,1,1,49.99,19.49
977,"2012-09-19 16:56:52",27644,25372,1,1,49.99,19.49
978,"2012-09-19 17:30:27",27654,20223,1,1,49.99,19.49
979,"2012-09-19 17:41:18",27655,23122,1,1,49.99,19.49
980,"2012-09-19 22:38:31",27717,25434,1,1,49.99,19.49
981,"2012-09-20 05:11:21",27755,25469,1,1,49.99,19.49
982,"2012-09-20 06:19:41",27763,25476,1,1,49.99,19.49
983,"2012-09-20 07:10:49",27767,25480,1,1,49.99,19.49
984,"2012-09-20 10:04:13",27807,25513,1,1,49.99,19.49
985,"2012-09-20 10:14:28",27809,25515,1,1,49.99,19.49
986,"2012-09-20 10:15:37",27810,25516,1,1,49.99,19.49
987,"2012-09-20 10:52:30",27821,12079,1,1,49.99,19.49
988,"2012-09-20 14:50:53",27906,25600,1,1,49.99,19.49
989,"2012-09-20 15:39:37",27923,25615,1,1,49.99,19.49
990,"2012-09-20 15:50:02",27930,25622,1,1,49.99,19.49
991,"2012-09-20 16:11:19",27938,25628,1,1,49.99,19.49
992,"2012-09-20 16:17:42",27940,25630,1,1,49.99,19.49
993,"2012-09-20 19:13:26",28003,25687,1,1,49.99,19.49
994,"2012-09-20 22:00:33",28024,25706,1,1,49.99,19.49
995,"2012-09-21 02:03:24",28053,25732,1,1,49.99,19.49
996,"2012-09-21 05:04:54",28063,25742,1,1,49.99,19.49
997,"2012-09-21 06:23:08",28069,25748,1,1,49.99,19.49
998,"2012-09-21 10:32:27",28121,25794,1,1,49.99,19.49
999,"2012-09-21 11:50:01",28146,25817,1,1,49.99,19.49
1000,"2012-09-21 12:21:17",28158,25828,1,1,49.99,19.49
